0.102654524	0.07629048	-0.01493241	0.049848713	0.07074504	0.14413501	0.011515304	-0.03355254	-0.071888395	4.7210327e-05	0.04817324	-0.020937383	-0.041035417	-0.006181928	0.7111576	0.050303306
0.031293374	0.09631767	-0.018553944	0.0778255	0.076587826	0.10503306	-0.03700648	-0.029775577	-0.060871616	0.016607564	0.017658941	-0.0879881	-0.0035645866	0.063842006	0.6649213	0.023309914
-0.30587575	-0.261943	0.24475823	-0.2575554	-0.13711773	-0.12594944	-0.31718358	0.25481403	-0.3518151	0.3508559	-0.3093563	-0.27711162	-0.26993838	0.34930378	0.9274019	-0.25451106
0.035273843	-0.024501048	-0.00015564528	0.054260507	0.07469859	0.052215368	0.0073639085	-0.0018662116	-0.1357733	0.0967387	-0.03293751	-0.043341897	-0.08294223	0.08582343	0.7395642	-0.0035545486
0.1459557	0.14938392	-0.13099307	0.12965457	0.17369118	0.1849132	0.124270745	-0.09793515	0.0071861264	-0.08409416	0.048697963	0.016653221	0.030937305	-0.051368754	0.769523	0.13345863
0.07622667	0.08994201	-0.020269748	0.07978257	0.09492908	0.06911456	-0.009088813	-0.06671382	0.025418932	-0.025238937	-0.02491714	-0.010238524	-0.025832986	-0.052239213	0.6815429	0.010990952
-0.19309606	-0.17681146	0.09966577	-0.18334168	-0.061309654	-0.048713826	-0.21317983	0.12932014	-0.24392843	0.2251691	-0.16843468	-0.18068583	-0.17203936	0.24547593	0.58339894	-0.17628253
0.053537957	0.06926175	-0.11307088	0.11226007	0.14288534	0.11364225	0.088862844	-0.12510395	-0.0044248095	-0.015989546	0.033411313	0.092002444	0.098126575	-0.089750074	0.6610481	0.12140314
0.055195704	0.025068803	-0.06951624	0.08950082	0.07608874	0.0556944	0.08242249	-0.11225246	-0.023255864	-0.0036913913	0.061820153	0.060497086	-0.028914746	-0.016123157	0.63790363	0.036434416
0.101836205	0.1622435	-0.17281146	0.15571041	0.16632725	0.1308466	0.08963354	-0.11536829	0.067957826	-0.034102675	0.15395306	0.0534283	0.047373556	-0.1164849	0.6829117	0.13241291
0.10715005	0.08908007	-0.044976164	0.10373547	0.074313715	0.1149074	0.035359796	-0.1083478	0.0038213003	-0.002690059	0.012329989	0.03758276	0.016451757	-0.055260208	0.65057826	0.025502387
-0.042414606	-0.037272003	0.1090842	-0.03827951	-0.07103631	-0.065059334	-0.07154693	0.07907956	-0.0743919	0.116373256	-0.08202244	-0.057512045	-0.094594106	0.08542883	0.53450966	-0.054860197
0.063333906	0.014343687	-0.03644261	0.025781814	0.10300255	0.049079582	-0.01436108	-0.09919833	-0.02442468	0.03212821	-0.023929715	-0.015239886	-0.03380831	0.04955289	0.5921496	-0.016175095
0.9519185	0.96398544	-0.9722539	1.0596108	0.86464834	0.9867266	0.9388632	-0.9347687	0.9098967	-0.8851328	0.92372143	0.9902812	0.88002574	-0.9417236	0.48182857	0.9790598
0.025015796	0.025423108	-0.021971576	0.010763711	0.06771195	0.03899369	0.009575594	-0.036378928	-0.018884815	-0.0073414007	0.01739305	0.041588347	-0.03147845	-0.005949308	0.5697677	0.032827962
0.11198472	0.12496328	-0.0220794	0.045842025	0.14413197	0.061610054	0.03189492	-0.11617927	0.06908234	-0.0066482667	0.05695435	0.04986406	0.02838264	-0.04652696	0.59521276	0.10511516
-0.2778903	-0.16656047	0.15568203	-0.19574429	-0.1882077	-0.1753109	-0.2419737	0.2395245	-0.24044415	0.26305526	-0.21769413	-0.24612105	-0.27647033	0.2341502	0.41447026	-0.2485744
-0.20415063	-0.17541172	0.15027037	-0.22943895	-0.21065937	-0.1904421	-0.2219553	0.14431334	-0.19416866	0.16558068	-0.21127345	-0.18012561	-0.20689729	0.2231166	0.25465032	-0.24294646
-1.2861469	-1.3283137	1.287773	-1.2818124	-1.2107843	-1.2613325	-1.3095385	1.3165925	-1.3614498	1.176933	-1.3522942	-1.3565621	-1.137069	1.3377885	0.49671948	-1.3092974
-0.8773951	-0.8720005	0.87310004	-0.88302183	-0.78799886	-0.78078777	-0.845495	0.805347	-0.865221	0.8805571	-0.814769	-0.8494921	-0.8334028	0.8598263	0.6136454	-0.91209435
-0.0378229	-0.0072013773	0.065506496	-0.025715169	0.011389134	0.0041567083	-0.02392143	-0.015676416	-0.106333025	0.10440174	-0.0087450165	-0.11577649	-0.013811274	0.08066067	0.5000615	-0.015302641
0.20158587	0.17114463	-0.1778389	0.2442303	0.20265055	0.25926802	0.23677842	-0.21196277	0.0959448	-0.16919915	0.1982703	0.16861966	0.10571275	-0.19099735	0.429649	0.21799327
-0.16004811	-0.16959976	0.118382975	-0.109271795	-0.11325286	-0.12520762	-0.2057451	0.16226639	-0.15489867	0.17501546	-0.124304496	-0.21991485	-0.1671754	0.17124906	0.44770908	-0.11000219
-0.069249906	-0.06607084	0.13929853	-0.10910857	-0.10863622	-0.052327365	-0.17267884	0.058855858	-0.13135782	0.14265147	-0.15250327	-0.13740554	-0.1460509	0.13462932	0.26941687	-0.15656568
-0.058719464	-0.10104031	0.14404532	-0.07557801	-0.086075634	-0.103605546	-0.13005538	0.11072102	-0.09323653	0.06102325	-0.05865732	-0.12267354	-0.07025007	0.10298447	0.30284634	-0.10978593
-0.2152371	-0.21963048	0.2527251	-0.23052987	-0.20283766	-0.23984598	-0.19227666	0.22395448	-0.2471112	0.27442467	-0.19742092	-0.21073076	-0.20608643	0.27016118	0.22689797	-0.28986695
-0.032022137	-0.069020435	0.021943038	0.0068807467	-0.01346135	-0.0061413758	-0.0782045	0.023862118	-0.10793593	0.047428735	-0.06861099	-0.014464708	-0.045189057	0.056597985	0.37909117	0.0045013763
-0.19527711	-0.16294181	0.10574366	-0.12743333	-0.14455515	-0.16643405	-0.18770355	0.096008725	-0.20609784	0.1699431	-0.13949977	-0.18000264	-0.123318896	0.18083224	0.43069634	-0.21671584
0.018396774	0.12030524	-0.050883822	0.077113874	0.09369529	0.13094614	0.052161094	-0.11266191	-0.00021428862	-0.024209967	0.087420896	0.056168396	-0.019530118	0.006923128	0.36747858	0.05936555
0.13612883	0.11092643	-0.13705	0.14109097	0.13801543	0.19618703	0.11721657	-0.120145835	0.0730419	-0.05997662	0.078497924	0.101178035	0.0830838	-0.14754559	0.39088717	0.08705761
0.019007886	0.03239283	0.011290527	0.051599197	-0.038671236	0.029913481	0.0035665266	-0.012918245	-0.06446723	0.02051726	-0.06700484	-0.003355826	-0.037867766	0.04722981	-0.0017761029	-0.017207315
0.2860517	0.26520017	-0.22267252	0.25967383	0.26564714	0.32323623	0.21972732	-0.21857318	0.23275378	-0.21990517	0.21397427	0.18855476	0.20140788	-0.18175355	0.4032325	0.2286411
-0.24182573	-0.24190412	0.2875051	-0.2501038	-0.17457439	-0.21567102	-0.2684978	0.21981038	-0.25954142	0.22014697	-0.2620365	-0.30620226	-0.29396296	0.2962221	0.24217364	-0.21277848
-0.27455637	-0.1925485	0.2534979	-0.21991913	-0.18102527	-0.19227844	-0.22111885	0.25281927	-0.212118	0.27882957	-0.2428232	-0.22124165	-0.23813155	0.25159305	0.39688903	-0.23167515
-0.25962064	-0.30334318	0.30442113	-0.24640232	-0.26373985	-0.2780819	-0.291428	0.2995526	-0.2592069	0.24281082	-0.29047677	-0.28689528	-0.21415673	0.28619468	0.2885699	-0.3099412
-0.09858075	-0.011241178	0.01669023	-0.10739213	-0.00050278724	0.024684954	-0.09967935	0.048842836	-0.09560555	0.08667017	-0.05719374	-0.046144914	-0.08455901	0.12745585	0.4163404	-0.05944539
-0.06764225	-0.08345142	0.09299438	-0.12661593	-0.042710043	-0.06222446	-0.07979519	0.13816153	-0.14057139	0.07929007	-0.14092973	-0.15515152	-0.10836842	0.081853434	0.2856049	-0.100536086
0.025258021	0.031846397	0.0058717295	0.070973575	0.06258348	0.1048619	0.05228109	-0.06096007	0.006837066	-0.002592249	0.024529729	0.0273266	0.024264684	-0.008173801	0.3432135	0.029349511
-0.059112266	-0.058155004	0.08595283	-0.0570262	-0.031003572	-0.107538216	-0.079350755	0.10207507	-0.1606493	0.1159787	-0.065856904	-0.13323373	-0.05277579	0.07342158	0.29734185	-0.10989923
0.34544563	0.40281504	-0.37216428	0.43709046	0.36365625	0.37977383	0.42626908	-0.42594495	0.36628598	-0.32814655	0.36809945	0.40135908	0.37904537	-0.39994013	0.23987581	0.36893
0.13390249	0.102008514	-0.11379552	0.06349845	0.10590506	0.11534349	0.03875906	-0.11986332	0.0531625	-0.015503461	0.11377133	0.049112394	0.073722035	-0.07980249	0.35174897	0.081831336
-0.64512944	-0.6028806	0.56409067	-0.65041703	-0.4652996	-0.48778707	-0.6461079	0.53292066	-0.6526083	0.6098222	-0.5386938	-0.5961869	-0.58509344	0.64126396	0.50123966	-0.6130702
-0.046381854	-0.0955793	0.084086314	-0.061694723	-0.03189597	-0.08609269	-0.15140827	0.07544357	-0.11597439	0.100148045	-0.14445543	-0.11437036	-0.07992372	0.08558517	0.36104968	-0.09692111
-0.08890428	-0.107513644	0.07811466	-0.1074857	-0.04657236	-0.04172687	-0.10250973	0.04317801	-0.1696367	0.09043334	-0.12865023	-0.088889696	-0.09679535	0.06899064	0.30732745	-0.09013851
0.06489248	0.03730873	-0.052286576	0.06727299	0.083071254	0.05580165	0.09169992	-0.031664774	-0.025488665	-0.030140087	-0.010545335	0.048405163	0.059636652	-0.087160155	0.27555043	0.05599169
0.322423	0.25954795	-0.261921	0.33153453	0.3025623	0.30737123	0.28551143	-0.3384784	0.24590674	-0.20224209	0.31188652	0.2871285	0.26100472	-0.2781384	0.45382085	0.2930726
-0.09541877	-0.058170933	0.11916264	-0.14097333	-0.059323445	-0.016777916	-0.04911482	0.08085601	-0.056469474	0.148737	-0.03571624	-0.0840358	-0.15455344	0.12748796	0.20638676	-0.15064894
-1.1152577	-1.0550048	1.0789714	-1.0818279	-1.0014071	-1.0257996	-1.1652601	1.0920701	-1.0650972	0.9893138	-1.1139196	-1.0950835	-1.0390298	1.1371592	0.60258156	-1.0667446
0.26770347	0.24736261	-0.2747293	0.2410165	0.27562582	0.27118075	0.24042304	-0.24308513	0.22674157	-0.16532327	0.1884763	0.20060378	0.21207558	-0.2129222	0.38679403	0.23961948
-0.17503753	-0.20908955	0.21801957	-0.17633033	-0.18710597	-0.22877729	-0.26244533	0.21129863	-0.20583288	0.19325586	-0.23606403	-0.2687328	-0.19820844	0.27644822	0.31853795	-0.20160678
0.6968712	0.69612926	-0.6107674	0.7186795	0.6288864	0.66522926	0.6395474	-0.6407567	0.6338072	-0.593874	0.6172519	0.63690645	0.559274	-0.66094005	0.50546473	0.6810342
-0.17888333	-0.14093995	0.14546254	-0.16255154	-0.10337763	-0.16474302	-0.14469847	0.13080552	-0.2122443	0.13673393	-0.13747294	-0.21500175	-0.18815586	0.20694515	0.3347631	-0.18364882
-0.044665165	-0.09426361	0.11161638	-0.034343775	-0.12247648	-0.040009312	-0.102081135	0.06324798	-0.08969908	0.0653765	-0.11575389	-0.11504221	-0.13237336	0.10903173	0.30144408	-0.11566463
0.145998	0.2235082	-0.17468512	0.17799145	0.16902414	0.18427093	0.22126254	-0.1942995	0.20247994	-0.13132246	0.14390966	0.19761781	0.109774515	-0.12869607	0.23921499	0.19783059
-0.914981	-0.8760996	0.88678604	-0.94222236	-0.8986697	-0.87434286	-0.92515194	0.90592	-0.8832744	0.84602123	-0.96737987	-0.9574117	-0.86656725	0.9142644	0.19794154	-0.919621
0.022678543	0.008581901	0.063561745	0.0052458094	0.019979514	0.03609175	0.031776458	-0.02650863	-0.086907156	0.044885345	0.008495571	-0.06503692	-0.03485148	0.029827159	0.22459494	-0.009752959
0.04958967	0.046309933	-0.09456908	0.09717246	0.081879295	0.1276843	0.11216415	-0.07001723	0.052380737	-0.09764887	0.08346961	0.046354704	0.088586636	-0.014018168	0.3754277	0.028891155
-0.16654103	-0.1597007	0.10628361	-0.13786034	-0.12736277	-0.08133225	-0.09428941	0.08104017	-0.1260914	0.1416515	-0.16065092	-0.18600757	-0.10360175	0.19705954	0.42053655	-0.13019298
-0.32380098	-0.32914776	0.31093976	-0.27216426	-0.25327593	-0.32954448	-0.32728142	0.31999066	-0.36287338	0.3516186	-0.37402332	-0.29351717	-0.27202606	0.34927216	0.29048976	-0.37009853
0.084942	0.10034054	-0.12020063	0.08915165	0.12612206	0.13480702	0.026010407	-0.04688692	0.12405103	-0.084542	0.0459892	0.060406193	0.028650243	-0.10175184	0.24939823	0.057682652
0.05092389	0.08456009	-0.08750293	0.03801937	0.050237056	0.07530883	0.03961383	-0.10308239	0.06561837	-0.04400646	0.07529099	0.03425892	0.031688612	-0.100230865	0.32709303	0.045938294
0.069927506	0.09862126	-0.06872169	0.062261596	0.11462516	0.12650272	0.08931945	-0.08094604	0.054974396	-0.089641236	0.090319246	0.036492486	0.112704776	-0.087685525	0.27120337	0.073297076
0.16665387	0.17956145	-0.20422824	0.25513473	0.18882246	0.1585539	0.17509367	-0.1804033	0.21467526	-0.19922268	0.17382969	0.28155753	0.2536733	-0.23299943	-0.067597374	0.20222972
0.37057775	0.33924922	-0.39134064	0.34243006	0.32662523	0.40967026	0.33594397	-0.32272577	0.3204597	-0.30856088	0.32908162	0.33296517	0.28358597	-0.31514928	0.37751606	0.30442998
0.22335194	0.19790027	-0.22268261	0.27019018	0.26496592	0.28122348	0.27218375	-0.28058928	0.22600752	-0.17724648	0.23505245	0.26597303	0.17972428	-0.19237056	0.24898571	0.27405235
-0.17755254	-0.12568322	0.12831976	-0.13027024	-0.16186863	-0.1783025	-0.21990477	0.1349061	-0.19768877	0.16466838	-0.14380185	-0.1842991	-0.23275127	0.1635354	0.3641539	-0.1964306
0.46008554	0.4256342	-0.37770587	0.4888499	0.37986225	0.40599832	0.4170075	-0.3858412	0.37253603	-0.38379443	0.37290397	0.379754	0.40437397	-0.44982255	0.30619764	0.43014964
0.5247794	0.54537064	-0.51230705	0.6330839	0.54644036	0.517917	0.55520433	-0.53834903	0.5802719	-0.5284838	0.5590173	0.53933686	0.5240566	-0.53063476	0.42123416	0.53422546
0.350647	0.33331114	-0.29013067	0.37137333	0.3440494	0.31489018	0.35698843	-0.31458002	0.35110962	-0.3318938	0.2763641	0.33875293	0.25229463	-0.26285464	0.30340704	0.32757106
-0.5067351	-0.48974812	0.5066779	-0.481291	-0.4327294	-0.45634645	-0.5128632	0.46134967	-0.54744166	0.46610668	-0.5254604	-0.47929963	-0.513019	0.471141	0.24676557	-0.53299737
-0.19431376	-0.24152668	0.19738008	-0.23240693	-0.24060023	-0.26666915	-0.21129441	0.20006539	-0.28759053	0.23880865	-0.27043104	-0.25480583	-0.26043078	0.28607032	0.30988115	-0.25192693
0.06893964	0.12768754	-0.09582597	0.091611706	0.098769	0.05816071	0.061386846	-0.069257684	0.014095882	-0.014756219	0.018256301	0.087426044	0.028679023	-0.041138917	0.2087162	0.032802656
-0.97180015	-0.944163	0.95194846	-0.9536162	-0.8831304	-0.9217098	-1.0535389	0.9218971	-1.0035716	0.9542303	-0.9775671	-1.0270761	-0.8892467	1.0105481	0.53066003	-0.9869725
0.16282132	0.14374022	-0.1250487	0.12016142	0.17727253	0.14817308	0.08815651	-0.1775713	0.1648313	-0.114235215	0.12870643	0.07738295	0.058878805	-0.15254122	0.33218852	0.1596334
0.10611334	0.09233428	-0.10312205	0.09224377	0.100332856	0.048947748	0.08097031	-0.05514134	0.029007068	-0.005599341	0.045071	0.024526078	0.08183202	-0.037414934	0.2833813	0.033508755
-0.95629984	-0.89548707	0.95892113	-1.0221107	-0.8449519	-0.899773	-0.9976442	0.95868194	-0.95442414	0.8626393	-0.98979825	-0.9549474	-0.8957287	0.9773178	0.31343734	-0.93725383
0.117086485	0.04769517	-0.031031542	0.078454316	0.08562909	0.0719753	0.1051975	-0.08869638	0.06923766	-0.060356114	0.09255192	0.020975862	0.052398503	-0.059969347	0.28722736	0.030915713
0.22417518	0.22119285	-0.21282244	0.21027298	0.16462374	0.27200046	0.24736162	-0.26321405	0.14944473	-0.23319077	0.2057247	0.22512724	0.17481184	-0.1662012	0.25607482	0.2218216
0.4431859	0.4996026	-0.4251189	0.5255254	0.4095076	0.5098614	0.47669053	-0.44356498	0.4128139	-0.3688751	0.4323844	0.44797552	0.40860975	-0.45806628	0.32586926	0.4396889
-0.5897294	-0.61063987	0.5823208	-0.59556466	-0.49484503	-0.5731541	-0.6031026	0.562356	-0.56958705	0.600857	-0.58176637	-0.58393896	-0.591196	0.55003387	0.239306	-0.5482825
0.15949224	0.15522543	-0.1553465	0.24830343	0.19595008	0.2157587	0.20532939	-0.20076431	0.123396195	-0.19085401	0.16816701	0.20821305	0.14215665	-0.17564707	0.3734948	0.16193767
-0.21926539	-0.19815847	0.215319	-0.21143231	-0.2186103	-0.22583885	-0.26397157	0.19602948	-0.24859294	0.23868927	-0.27430043	-0.25085887	-0.18984507	0.23029456	0.20115767	-0.25094795
0.35732147	0.3275425	-0.34239015	0.33339453	0.26195717	0.2957515	0.31449625	-0.34873447	0.2656857	-0.27826667	0.31985384	0.3325971	0.21389253	-0.30633783	0.3398664	0.3299159
-0.029786551	-0.018256146	0.036334027	0.024557024	0.016703678	-0.024452446	0.03268987	-0.04436895	0.0069844807	0.02346578	-0.0073697194	-0.0007446557	-0.043640483	-0.03202269	0.2846791	-0.0025543456
0.07878968	0.03867315	-0.048001498	0.043729905	0.058391526	0.112555176	0.04628192	-0.02240821	-0.026061881	-0.06514064	-0.019898506	0.040848892	-0.018982576	-0.051523414	0.24420105	0.028484665
0.6373999	0.6406713	-0.62711453	0.63177353	0.57904786	0.640705	0.5698524	-0.5510726	0.62115	-0.567107	0.6015421	0.62112087	0.56545705	-0.55833626	0.4006056	0.55222523
0.30445585	0.26416755	-0.30769426	0.36096457	0.30127296	0.25295413	0.29625294	-0.26819158	0.25246358	-0.2536541	0.2785045	0.31061772	0.28211668	-0.3051453	0.23528245	0.2953923
-1.0040168	-0.99877495	1.0083777	-1.0632105	-0.93676126	-1.0246605	-1.0501254	0.9730817	-1.0793022	0.9339608	-1.001798	-0.987416	-0.9659773	1.0298166	0.18380739	-1.0435274
-0.59809726	-0.4981001	0.55969477	-0.54206383	-0.48331195	-0.49654663	-0.6206277	0.5786737	-0.54663205	0.5789202	-0.58944744	-0.62463546	-0.5138897	0.5461132	0.45482498	-0.54634196
-0.11182118	-0.14188917	0.06340711	-0.14947554	-0.045837633	-0.11371276	-0.10677832	0.15081456	-0.14175983	0.12704805	-0.0810233	-0.16299652	-0.16484591	0.11289026	0.43101025	-0.1572923
0.10479017	0.1801762	-0.11772041	0.19611132	0.11105986	0.16877922	0.1249082	-0.096706785	0.09260409	-0.14095202	0.08473928	0.14276348	0.09840577	-0.11175769	0.049392495	0.13004524
-0.11910751	-0.17015131	0.21171811	-0.14113975	-0.1973351	-0.124384545	-0.14471763	0.15809733	-0.20520009	0.19755869	-0.14298007	-0.19060098	-0.1124401	0.18172151	0.10918806	-0.12101655
-0.115729354	-0.06530258	0.10063331	-0.07950197	-0.01624699	-0.05396538	-0.12881644	0.029496213	-0.10208374	0.117709145	-0.09724958	-0.152576	-0.104231656	0.071286835	0.35642314	-0.09335878
0.315022	0.27838716	-0.29616734	0.267095	0.27225673	0.24563083	0.2773893	-0.2779985	0.27318418	-0.23070922	0.24419789	0.2708521	0.24146722	-0.31265247	0.05477787	0.3067656
0.1815055	0.15520746	-0.11565804	0.15853691	0.11426136	0.14208789	0.1314263	-0.1188922	0.19339032	-0.17747457	0.16523838	0.18295708	0.1435472	-0.12344846	0.13268258	0.21312979
-0.5214855	-0.52330357	0.53387266	-0.55224055	-0.43489164	-0.44051415	-0.56888837	0.4562568	-0.53803307	0.52755034	-0.5267885	-0.52962834	-0.44907227	0.47190365	0.26752293	-0.48187038
0.11330143	0.15223438	-0.12916522	0.13030556	0.08877029	0.16446336	0.11972894	-0.13737625	0.12684214	-0.063161	0.053909853	0.12128289	0.1338069	-0.14496654	0.34011248	0.15078978
-0.12913701	-0.0902479	0.16233546	-0.090115584	-0.16729711	-0.14700496	-0.14515416	0.09285108	-0.22761689	0.20661503	-0.13256751	-0.14124252	-0.111349374	0.14828672	0.24365287	-0.17514706
-0.19876893	-0.1880189	0.26817715	-0.17696753	-0.2498651	-0.17761265	-0.19770287	0.2509002	-0.25789297	0.23465118	-0.22016491	-0.26535574	-0.25576985	0.19144198	0.016137492	-0.25731444
0.121984094	0.10283737	-0.02767301	0.05926367	0.06927252	0.10314679	0.090201505	-0.08011104	0.03502031	-0.023476295	0.013678141	0.033574235	0.07149913	-0.07181831	0.118727624	0.07387213
-0.15354992	-0.17715588	0.091648415	-0.18822587	-0.07751723	-0.1574141	-0.12171894	0.10791891	-0.17160636	0.17659615	-0.1327753	-0.16497195	-0.095404446	0.13615939	0.20275563	-0.10215924
-0.21550256	-0.14763221	0.21708827	-0.17506276	-0.113855	-0.14488326	-0.18697268	0.16120683	-0.23889284	0.18960384	-0.17678377	-0.17811263	-0.16596809	0.20839497	0.24630752	-0.20938636
0.14506139	0.10239604	-0.110536344	0.19278869	0.10705327	0.19062373	0.17326431	-0.17047173	0.1549219	-0.16397117	0.12788847	0.15274337	0.09193972	-0.16490874	0.22756386	0.1804837
0.026751954	0.06317665	-0.063218825	0.09137587	0.039832752	0.098598875	0.044123437	-0.1190881	0.07888958	-0.08418192	0.08958271	0.083562635	0.06499208	-0.070723675	0.2755328	0.10352666
0.53122735	0.52188337	-0.5052564	0.5484768	0.52333194	0.50087404	0.48478734	-0.48052445	0.47442874	-0.45269012	0.45213383	0.5128216	0.49455547	-0.53420836	0.28170013	0.54226726
0.18301448	0.15354274	-0.18175435	0.19513638	0.19596511	0.19416882	0.14821328	-0.1357741	0.0925911	-0.05439583	0.10031738	0.06740092	0.07559417	-0.09437248	0.41637346	0.14386249
0.23531142	0.21866928	-0.23328468	0.26575378	0.20539942	0.24811019	0.24649882	-0.22489755	0.17143402	-0.22665007	0.2373531	0.15327835	0.16517039	-0.21674633	0.34243497	0.17993568
0.03759559	0.058471806	-0.038747642	-0.010905987	0.090998046	0.06941811	-0.020632572	-0.028343663	0.034314625	0.01651426	0.06187046	-0.010965634	-0.021088554	-0.036852326	0.31977925	-0.009971537
0.12794772	0.09761705	-0.074521676	0.13032655	0.113162674	0.07538431	0.07443803	-0.13699076	0.087186284	-0.09986992	0.11625255	0.047015022	0.06081007	-0.06351344	0.23877768	0.09126455
-0.06488162	-0.044840638	0.046476893	-0.07390526	-0.0025822525	-0.081170894	-0.08112618	0.07086537	-0.09067294	0.012933354	-0.023436787	-0.048749913	-0.050506122	0.034549695	0.20487416	-0.024272444
-0.26833385	-0.1949215	0.27491456	-0.18601304	-0.16225593	-0.20250593	-0.27753848	0.19013949	-0.2888662	0.18453677	-0.20694287	-0.27461308	-0.23585159	0.20038992	0.30243114	-0.26098272
1.0178154	1.0381494	-0.9640842	1.075145	0.9442563	1.0421902	1.0892003	-1.0105656	1.0236089	-0.9903597	0.9861202	0.9956997	0.8813469	-1.0329678	0.39351282	1.0147374
0.24882482	0.24702287	-0.26319334	0.25286043	0.25378022	0.29359964	0.20398973	-0.22120553	0.23528185	-0.2118095	0.19463895	0.2123524	0.24775079	-0.18967263	0.33963865	0.24009582
0.021124206	0.04841401	0.009676596	-0.035278246	0.045202516	0.07895335	0.02723785	-0.005518553	-0.028412467	0.033798993	0.049729556	-0.055972353	0.008838099	0.010299293	0.28444704	0.017525485
0.87875813	0.8955683	-0.88172793	0.9675823	0.84468275	0.8801905	0.8824521	-0.8612976	0.9565758	-0.82997996	0.8829167	0.9053929	0.783364	-0.8546479	0.3160586	0.9159182
0.20942254	0.19847833	-0.15610762	0.17406313	0.14348644	0.20462185	0.1522568	-0.14682451	0.17199627	-0.18659678	0.15498212	0.17010342	0.12449435	-0.1899176	0.117557585	0.20790654
0.07653559	0.06865246	-0.11391137	0.04023825	0.06010253	0.101373106	0.056149483	-0.040195554	0.030811982	-0.060945813	0.07823258	0.084726125	0.030568872	-0.026474778	0.025138617	0.04585588
0.08028398	0.059863992	-0.004771215	0.077344865	0.056379884	0.109973006	0.045344993	-0.03961815	0.058180504	-0.065722555	0.08032781	0.03562685	-0.018450562	-0.043810546	0.39841798	0.0026862645
0.83836526	0.80079883	-0.8317894	0.84674305	0.7857466	0.77429605	0.78818685	-0.7872836	0.8474735	-0.6964987	0.82610595	0.8205667	0.6752307	-0.7698143	0.26572657	0.8436141
-0.22592849	-0.22358921	0.19188431	-0.19356698	-0.12602967	-0.1959655	-0.19064279	0.15506834	-0.20296349	0.2122181	-0.20232761	-0.13157763	-0.11253377	0.21554784	0.015303196	-0.21677142
0.6981127	0.6913818	-0.7084936	0.6655101	0.6125142	0.653773	0.6393811	-0.66676086	0.6886304	-0.6319793	0.69312614	0.6629749	0.637742	-0.7071466	0.22808738	0.6752328
0.05220331	0.05909863	-0.119321465	0.14226447	0.094613105	0.054662462	0.078259476	-0.109965585	0.021477703	-0.006941501	0.036596157	0.030116804	0.07495279	-0.06649277	0.27998707	0.09410749
-0.09835258	-0.10368363	0.08583671	-0.1422944	-0.08328599	-0.12240527	-0.0955464	0.07702534	-0.104379095	0.14630495	-0.11170617	-0.14291394	-0.16370426	0.11582186	0.23095508	-0.15786125
-1.0958527	-1.0223734	1.0238591	-1.0722381	-0.96451426	-0.98722124	-1.078747	1.0035646	-1.0327833	0.94256026	-1.0186659	-1.0066724	-0.9973689	1.0258567	0.17838955	-1.0091692
0.87386334	0.87476397	-0.82783943	0.8714816	0.82929736	0.8278857	0.92058	-0.8580604	0.8459547	-0.7547721	0.92894614	0.8603341	0.776679	-0.83550924	0.32884395	0.9193345
0.22279628	0.20211253	-0.18854357	0.23944981	0.14664094	0.18531048	0.20259146	-0.15019678	0.14264123	-0.12566748	0.113304645	0.20654373	0.11914789	-0.20040755	0.31299704	0.16370773
0.32865068	0.39477935	-0.34425652	0.3670009	0.3596611	0.39468873	0.375147	-0.38575277	0.3310637	-0.28479058	0.33180264	0.38505697	0.32709265	-0.38790652	0.38756108	0.34083575
-0.6909845	-0.752768	0.69531304	-0.7526581	-0.6479516	-0.6905559	-0.73745316	0.710447	-0.73179895	0.6572172	-0.7637887	-0.73449856	-0.69176906	0.67951035	0.25984472	-0.7639292
0.50494045	0.500441	-0.5008904	0.5261869	0.4022695	0.42420268	0.507473	-0.51504034	0.4872984	-0.41639054	0.44709057	0.47970852	0.43418747	-0.46393225	0.025162665	0.47867647
0.4211559	0.3627103	-0.42383218	0.4322223	0.40953755	0.4254859	0.3973088	-0.42022076	0.42099205	-0.37929064	0.36708662	0.39372346	0.35469127	-0.3622664	0.17496741	0.44366637
-0.09260808	-0.032589506	0.08833954	-0.04764599	-0.09129204	-0.11571672	-0.040148146	0.01968532	-0.16440482	0.030370811	-0.11579205	-0.065364406	-0.08685042	0.04724916	0.17443456	-0.057174906
-0.24725257	-0.2509298	0.2817057	-0.25544629	-0.19320129	-0.22280212	-0.30122602	0.29396978	-0.24373578	0.2368405	-0.29138502	-0.26668385	-0.20148173	0.27150065	0.14103813	-0.25027564
-0.20125383	-0.2445063	0.20096047	-0.2209917	-0.23746741	-0.18794246	-0.22409381	0.20773432	-0.23602028	0.23001729	-0.21070284	-0.26920837	-0.25540996	0.26585034	0.16657098	-0.26801908
0.05766465	0.07096474	-0.050433017	0.11666689	0.053950205	0.09863758	0.08234364	-0.04970842	0.05477742	-0.052755434	0.028135613	0.072704874	0.023072962	-0.061115004	0.20379058	0.03858943
-0.003665271	0.034472194	-0.035927467	0.029581703	0.03518029	0.05796443	-0.008663292	-0.05413889	0.033935398	-0.0437057	-0.02814204	0.06236715	0.007768365	0.017477619	0.14458987	-0.012170784
-0.45969924	-0.51431876	0.49564445	-0.45693967	-0.4213825	-0.45910048	-0.5197222	0.4952568	-0.5289588	0.43362257	-0.52725154	-0.4819405	-0.51458776	0.51724863	0.33221242	-0.55357593
-0.010899745	-0.043567296	0.043152142	-0.03901514	-0.0065964716	0.019691247	-0.018672418	-0.049498733	-0.026412113	0.048695844	-0.03317485	-0.0031033198	-0.04690166	-0.0030397025	0.08739617	0.022060169
0.4211985	0.42088982	-0.3442004	0.4273892	0.38553736	0.42048067	0.3613778	-0.33979768	0.3625952	-0.34371907	0.37611094	0.43527713	0.34189007	-0.42456785	0.25731286	0.38726747
-0.2626127	-0.2842703	0.3338939	-0.3559351	-0.2905271	-0.25299513	-0.3275558	0.3394563	-0.31523204	0.26961026	-0.26406094	-0.3411068	-0.25564066	0.3573081	0.0017532024	-0.33086047
-0.19273277	-0.2455213	0.23245026	-0.22991036	-0.17363746	-0.22832978	-0.18774432	0.22658512	-0.17713596	0.24641114	-0.21909998	-0.1788633	-0.1777518	0.23039553	0.07504376	-0.19078526
0.8997206	0.8561469	-0.83190465	0.93455714	0.77506095	0.839241	0.84790134	-0.8961424	0.8838724	-0.76584995	0.9060014	0.8657746	0.7371922	-0.8663577	0.27519667	0.85586685
-0.5141194	-0.53391945	0.5619101	-0.51209736	-0.48732695	-0.5158134	-0.5226237	0.4901196	-0.56548655	0.48698974	-0.47835988	-0.57645905	-0.5251866	0.54002625	0.2584702	-0.5593721
-0.24847497	-0.17058678	0.25019905	-0.20256145	-0.14116067	-0.17787415	-0.26243272	0.2006	-0.25778997	0.17340611	-0.19780433	-0.23940311	-0.21437694	0.23305953	0.22718953	-0.20650531
1.0597233	1.0494066	-0.9514212	1.0637848	0.91506755	0.99566954	1.000672	-0.9863499	1.03471	-0.99663174	0.9831745	1.0076386	0.88197637	-1.0001502	0.21263365	1.02319
-0.2933372	-0.27659112	0.27763122	-0.26151365	-0.21577792	-0.24709652	-0.3170573	0.27655062	-0.3043561	0.23231427	-0.29140434	-0.25918406	-0.27330276	0.33359787	0.17465355	-0.27896228
-0.67429304	-0.6127997	0.640951	-0.6469683	-0.58928573	-0.60173666	-0.6774127	0.6643166	-0.6923745	0.6388768	-0.6686028	-0.670937	-0.64972633	0.62051076	-0.029415073	-0.6124188
0.06555052	0.064412445	-0.0917637	0.09359227	0.03628832	0.08405673	0.07184145	-0.047151238	0.05090308	-0.016739372	0.021771774	0.07304735	0.0142958	-0.063866615	-0.010776563	0.036900982
-0.35919496	-0.32663867	0.28996778	-0.2916628	-0.2634856	-0.28463474	-0.34389353	0.29270822	-0.33851978	0.31639618	-0.3425154	-0.2770154	-0.32642937	0.3569309	0.18842925	-0.34706542
-0.018254682	-0.022064716	-0.0431998	0.018253075	0.033446126	0.07417644	0.023556473	0.006032587	0.008185074	-0.05857514	0.05842669	0.03818954	0.012005813	-0.06767607	0.07400766	0.0036783603
0.05630775	0.045493733	-0.07134522	0.044973586	0.039456446	0.019581111	0.052905966	-0.058138903	0.06593754	-0.036471955	0.037328072	0.07573282	0.035247233	-0.065294474	0.1512094	0.104548454
-0.39083335	-0.31868285	0.3853631	-0.3687601	-0.2912139	-0.3408409	-0.3405879	0.35472926	-0.35718867	0.28936738	-0.35661	-0.33329073	-0.30841607	0.35605705	0.22690505	-0.37211233
0.2733602	0.27595687	-0.19943917	0.23889986	0.18048592	0.21804811	0.16997515	-0.21014781	0.16291554	-0.22989431	0.22152267	0.1764726	0.18369994	-0.16931237	0.24552558	0.25128648
-0.5550993	-0.55009025	0.566451	-0.6046247	-0.543103	-0.61149746	-0.65122044	0.61051273	-0.66543055	0.56148726	-0.5780573	-0.6051832	-0.58221775	0.61862063	0.112522334	-0.5990989
0.00081609486	-0.0008048366	-0.039269265	0.029880062	0.05127928	0.0587531	-0.013545328	0.007980458	-0.040845875	-0.02527252	0.040133595	0.043052547	-0.02572761	0.00091139285	0.31437233	-0.03288748
-0.13612841	-0.1895742	0.12728359	-0.17910841	-0.084671594	-0.093236946	-0.1930343	0.13899444	-0.18817174	0.16064884	-0.17290328	-0.1401571	-0.18005097	0.14347963	0.22841036	-0.15206748
-0.32838684	-0.29372704	0.28409076	-0.35985857	-0.35276476	-0.30588546	-0.35005003	0.30602542	-0.32207704	0.36441574	-0.31771	-0.3540425	-0.28816143	0.2955665	0.04689647	-0.29415795
0.31380528	0.27904177	-0.299706	0.34054756	0.33962432	0.3348793	0.285326	-0.33193836	0.3481256	-0.3458917	0.29860878	0.28483766	0.27740452	-0.35487947	0.22780402	0.27651852
0.12008337	0.09149721	-0.09543909	0.18533999	0.10859214	0.17095387	0.16572964	-0.08575277	0.17810291	-0.13468136	0.06467748	0.08098742	0.0665894	-0.11107261	0.17310232	0.119331405
-0.082850605	-0.09522435	0.045958556	-0.075966835	-0.016798973	-0.051172297	-0.08126998	0.094776556	-0.1123754	0.11478448	-0.100326344	-0.06108836	-0.10346853	0.09962538	0.09378758	-0.04518734
-0.13226354	-0.13008302	0.13793059	-0.101516396	-0.09954374	-0.12181111	-0.1525662	0.09316286	-0.11138014	0.0922294	-0.11338346	-0.16513757	-0.09228578	0.11861206	0.16360506	-0.14644971
0.6039049	0.53950065	-0.6172029	0.5984973	0.564082	0.5666692	0.5441968	-0.60234547	0.5399903	-0.5039258	0.54567087	0.5505637	0.54436404	-0.5824019	0.15915252	0.56255746
-0.6153423	-0.5931586	0.5721016	-0.5940676	-0.5590036	-0.5463258	-0.60890657	0.51628995	-0.53621113	0.57674426	-0.5592522	-0.5752554	-0.51636934	0.5459825	0.25186017	-0.6020594
0.042906865	0.08317017	-0.06910149	0.07734577	0.07095211	0.05647741	0.09535313	-0.13127029	0.074607395	-0.04622089	0.07666675	0.06292227	0.032798726	-0.11936586	0.10942598	0.09370178
0.24119924	0.31431782	-0.26439527	0.3085475	0.26058614	0.22644958	0.26974794	-0.28394127	0.2231403	-0.24231207	0.2760434	0.28622273	0.21819872	-0.23813654	0.20291938	0.24968843
-0.02719496	-0.043129563	0.07411475	-0.09368644	-0.020566365	-0.048481822	-0.069222905	0.07949936	-0.079222	0.07494331	-0.0459202	-0.09196968	-0.052025948	0.017621813	0.15435387	-0.10007168
0.2276485	0.2816942	-0.21540187	0.2549409	0.23307495	0.26977512	0.26360106	-0.2261872	0.20553353	-0.20977598	0.180143	0.16472925	0.1609429	-0.17244132	0.23183635	0.25542796
0.63091314	0.5499769	-0.532526	0.6121167	0.50094	0.6184884	0.57128847	-0.59325075	0.55997384	-0.54490644	0.57195234	0.6045413	0.55184877	-0.627452	0.24208324	0.62684953
-0.1266796	-0.16728781	0.15292045	-0.09521263	-0.07831187	-0.11892073	-0.17964019	0.1307734	-0.15875708	0.17992812	-0.1067151	-0.15332945	-0.15055816	0.13634276	0.25082004	-0.11203744
0.4994492	0.5557938	-0.5665069	0.5434242	0.48245275	0.4866708	0.5308181	-0.517237	0.5312104	-0.51995987	0.52307785	0.5143539	0.5016493	-0.52863455	0.30151543	0.5256131
0.17751731	0.22595857	-0.1346506	0.22297513	0.1927808	0.12722318	0.17355563	-0.2153431	0.14323546	-0.18363732	0.20902	0.13089828	0.1701059	-0.13346492	0.18799125	0.18737832
-0.17911926	-0.15435304	0.14543708	-0.16394766	-0.09779481	-0.10389612	-0.16091682	0.09680599	-0.17618045	0.13494422	-0.18273853	-0.15237129	-0.13588803	0.12596475	0.22992344	-0.14741042
-0.20250957	-0.1503719	0.17870854	-0.19253789	-0.20974143	-0.16319	-0.2261756	0.1541109	-0.22580533	0.20668395	-0.13318962	-0.1974796	-0.17599078	0.22056954	0.22507809	-0.1909254
0.27117884	0.24177751	-0.23079464	0.24254438	0.22560725	0.2638377	0.20779867	-0.27513924	0.2710917	-0.21612981	0.1793383	0.22501712	0.19583544	-0.24253245	0.1963034	0.26046667
-0.18270312	-0.23659436	0.17909385	-0.26862243	-0.24135976	-0.23632091	-0.26888806	0.23882385	-0.21111155	0.18068269	-0.18808585	-0.20433094	-0.22249767	0.23255779	0.13531265	-0.22351308
-0.2778475	-0.23538841	0.26528558	-0.26254728	-0.22625272	-0.21461204	-0.25394312	0.17725006	-0.20138344	0.17435293	-0.29115158	-0.20571768	-0.22513375	0.26715428	0.12569563	-0.24253291
0.25250098	0.18089332	-0.17915063	0.25809768	0.2101147	0.19450195	0.19885573	-0.26948583	0.21487953	-0.15277359	0.2344073	0.24476261	0.17001371	-0.24437103	0.31518635	0.23630542
-0.05570775	-0.08472885	0.145245	-0.120559976	-0.0685314	-0.08288949	-0.07117616	0.10405295	-0.06756544	0.062261157	-0.06988235	-0.102022186	-0.12119965	0.10605802	0.17433321	-0.07253941
-0.04785259	-0.10072991	0.06270659	-0.06057582	-0.1075818	-0.11386311	-0.10013968	0.06433208	-0.07326286	0.119310774	-0.10507347	-0.091588445	-0.07212645	0.10418748	0.1049713	-0.098592624
0.24777865	0.22897796	-0.17084728	0.17357953	0.21515195	0.25142598	0.2131661	-0.24979101	0.17572507	-0.21125321	0.255076	0.16844913	0.1856457	-0.14815292	0.26858577	0.21670873
0.3297506	0.38692793	-0.36713195	0.3613321	0.36508232	0.32826775	0.3484243	-0.3577222	0.30352777	-0.33148488	0.37325656	0.31508794	0.3600793	-0.29998773	0.1298239	0.33947995
-0.40731958	-0.42304632	0.41337758	-0.38685745	-0.4376829	-0.40284407	-0.47056577	0.4156231	-0.4431002	0.37680516	-0.46969885	-0.4024058	-0.40041903	0.43439835	0.15618943	-0.45301053
0.92688775	0.89949596	-0.91636896	0.99466455	0.83181256	0.9311323	0.9092523	-0.909358	0.97090787	-0.8961108	0.8825425	0.8868536	0.827073	-0.9324271	0.22230616	0.9396105
0.15725783	0.24193032	-0.20330767	0.21669953	0.15246208	0.16983895	0.21096653	-0.16956653	0.17284591	-0.11604466	0.14985466	0.20385075	0.1403394	-0.19703336	0.30933994	0.20466699
0.5207025	0.44053736	-0.45129454	0.5330195	0.41703776	0.4511796	0.49792627	-0.51094705	0.49007386	-0.4551135	0.45263243	0.46231347	0.41436496	-0.45600763	0.29711232	0.45805317
-0.8182245	-0.8168411	0.7819731	-0.8533744	-0.71904534	-0.7951484	-0.87571144	0.8172878	-0.84961057	0.76388615	-0.8109613	-0.8912809	-0.75567406	0.8799716	0.12177951	-0.7936375
0.17785367	0.16573101	-0.104226284	0.16437581	0.11715678	0.18612547	0.13584493	-0.1359277	0.0823415	-0.1104366	0.08623805	0.077391714	0.0767014	-0.13915274	0.04877313	0.09201788
0.27746463	0.2270172	-0.23698135	0.30947176	0.25444168	0.26614577	0.28794798	-0.28549376	0.27507907	-0.22450666	0.19369061	0.26495686	0.27361682	-0.27989253	0.1586482	0.2736784
0.60343975	0.551383	-0.5691893	0.619102	0.54062486	0.58418155	0.56722605	-0.5870394	0.5555228	-0.4977233	0.59233516	0.6013948	0.49873632	-0.5516689	0.22532165	0.590237
-0.20448713	-0.17599058	0.165764	-0.24609007	-0.1678409	-0.12256723	-0.23966838	0.21795046	-0.2468665	0.30051947	-0.23067506	-0.2512946	-0.24685732	0.29500744	0.3522502	-0.21293302
-0.09496763	-0.08577622	0.035952117	-0.039683092	0.008369356	-0.040839795	-0.09670804	0.056976672	-0.09229087	0.09093998	-0.090818614	-0.077075645	-0.06919679	0.10261397	0.22762184	-0.014936486
0.40490335	0.34857973	-0.40402892	0.42573142	0.3183885	0.39071536	0.3921088	-0.37430286	0.35268494	-0.35160756	0.38974252	0.3885347	0.30788776	-0.36530054	0.21948175	0.34744966
-0.21263878	-0.21524721	0.19292755	-0.22525477	-0.18614608	-0.2755249	-0.2687494	0.29199782	-0.26002884	0.24220102	-0.23528598	-0.23591316	-0.2126794	0.20905562	0.17524768	-0.22258817
-0.09454636	-0.113973096	0.0719988	-0.09746796	-0.048570633	-0.08835442	-0.03372761	0.09351082	-0.103268914	0.08102312	-0.118734375	-0.10976553	-0.03672417	0.1012395	0.2259724	-0.04668303
0.48657978	0.480608	-0.3838489	0.5068769	0.45910326	0.43920374	0.4900442	-0.39024463	0.4512738	-0.44485924	0.45398575	0.446243	0.35316157	-0.3893746	0.2133179	0.39590394
0.31625098	0.2776914	-0.27138454	0.28518394	0.33955655	0.35871273	0.3098936	-0.3435999	0.31524175	-0.29548597	0.29111177	0.35534185	0.29134297	-0.3262733	0.14394486	0.3018486
-0.18927434	-0.23043825	0.17416647	-0.23563565	-0.16693984	-0.20602952	-0.20975283	0.1827608	-0.21101376	0.17262207	-0.28087437	-0.26616493	-0.16274753	0.25724658	-0.005568938	-0.22169992
-0.26333496	-0.28726715	0.2721202	-0.28739595	-0.272308	-0.23105	-0.24593017	0.3049504	-0.3210929	0.23751502	-0.27122054	-0.25409868	-0.24438336	0.27195272	0.06102331	-0.23575585
0.06321573	0.040984206	-0.0381322	0.042368658	0.0060965195	0.04873452	-0.0035059222	-0.033884075	-0.039342556	0.044519685	0.05064142	0.0036446187	-0.00023062364	-0.013366834	0.22423172	0.05093809
0.42064887	0.38213032	-0.40166184	0.39866826	0.33650786	0.3532118	0.35132366	-0.3473373	0.38721827	-0.30324543	0.3933081	0.3317338	0.2893631	-0.37898186	0.16902131	0.3475048
0.17772853	0.198595	-0.23062786	0.20099224	0.18775053	0.17349014	0.1906579	-0.17436169	0.18652534	-0.17437081	0.17799881	0.16807817	0.1763408	-0.19214842	0.1656167	0.2140029
0.47295728	0.4019717	-0.45311016	0.4442612	0.40669054	0.47372785	0.44301173	-0.45281985	0.46926543	-0.38115558	0.4091779	0.4070083	0.3980739	-0.38648784	0.15330175	0.4327761
0.38463724	0.41227576	-0.44092622	0.3999849	0.4325712	0.37013808	0.36812496	-0.41459456	0.43544483	-0.3521071	0.4101175	0.36354184	0.37942323	-0.3628191	0.24488206	0.43229747
-0.34816957	-0.32034394	0.3470951	-0.36505505	-0.33035713	-0.3252052	-0.40303	0.35018754	-0.40410268	0.33286476	-0.35623184	-0.41609713	-0.33923677	0.3776733	0.17040706	-0.40111053
-0.2539813	-0.17526035	0.19209781	-0.251255	-0.21641673	-0.21366182	-0.19595334	0.22387052	-0.22724527	0.17995371	-0.20224938	-0.2151528	-0.23105632	0.16820484	0.18141635	-0.23890239
-0.29848817	-0.32203528	0.2699517	-0.359849	-0.2320811	-0.2850162	-0.32486305	0.34011596	-0.38306826	0.32063854	-0.35489485	-0.34898278	-0.2912916	0.29836765	0.26605734	-0.27808738
-0.33428666	-0.3251914	0.2869381	-0.35955372	-0.31368548	-0.32621688	-0.33058167	0.31023753	-0.38555655	0.3344936	-0.31772852	-0.37595153	-0.3762203	0.34213895	0.19925945	-0.310484
0.031811643	0.06669303	-0.025635257	-0.03340702	-0.016110027	-0.003828079	0.057649497	-0.06026106	-0.007917477	0.010271728	0.015930904	0.013408407	0.025492294	-0.016927468	0.24739489	-0.037202075
-0.08537267	-0.059371468	0.12099965	-0.11181348	-0.09667966	-0.10399556	-0.09951093	0.050287828	-0.060750484	0.08651097	-0.15200408	-0.098617904	-0.14151004	0.05772363	0.109655574	-0.09288009
0.077245675	-0.009716862	-0.07558763	0.04890028	-0.0068451376	0.024866719	0.025050193	-0.06817333	0.066815406	-0.04925575	0.023670696	0.051263135	-0.008281871	-0.008435004	0.2567301	0.03679576
-0.09195388	-0.06719735	0.073289804	-0.05580888	-0.09440542	-0.040224288	-0.10388408	0.116763346	-0.054813374	0.108463764	-0.040738948	-0.030997694	-0.062030487	0.0991199	0.05244759	-0.086279616
-0.8547724	-0.8409605	0.7980142	-0.8091109	-0.7680827	-0.82029617	-0.84408194	0.79141665	-0.8277948	0.842647	-0.7951186	-0.8627206	-0.77601165	0.8366895	0.13548122	-0.79081815
-0.27000952	-0.27970853	0.29298434	-0.23716271	-0.18516508	-0.22293569	-0.21855214	0.25972638	-0.22286887	0.18070163	-0.22244778	-0.22809973	-0.18591568	0.2027796	0.12632555	-0.22804579
0.07111246	0.100602955	-0.06841484	0.14307523	0.13979211	0.12436414	0.06572293	-0.07059212	0.10829391	-0.088763684	0.08565771	0.07715232	0.11232082	-0.078141294	0.22381702	0.12383746
0.7404534	0.7560848	-0.7067915	0.79697275	0.72837824	0.7105045	0.7471203	-0.7625616	0.7858199	-0.65953004	0.7786387	0.74535143	0.65772104	-0.713186	0.31937984	0.7893893
-0.12642138	-0.134405	0.10231989	-0.10202138	-0.14503221	-0.13544552	-0.10557622	0.06370411	-0.06039179	0.15257886	-0.15903108	-0.11585213	-0.11910696	0.14506143	0.14815019	-0.08571208
0.23809345	0.1774991	-0.1813231	0.20154324	0.1944789	0.24624185	0.23034213	-0.18269314	0.20103464	-0.1580734	0.2169905	0.17875242	0.16754992	-0.23271243	0.22601828	0.2068612
-0.18113276	-0.1351164	0.19847679	-0.13567111	-0.11117769	-0.14549638	-0.19313769	0.13831846	-0.12541717	0.14213322	-0.12697864	-0.11821934	-0.20944118	0.19075051	0.08098857	-0.15933755
0.5199963	0.5227045	-0.531105	0.5750256	0.53478706	0.5058165	0.5850684	-0.48681036	0.5540217	-0.47239727	0.55263555	0.48877585	0.4734063	-0.5150265	0.31451553	0.49078253
0.01058091	0.052183833	0.017153049	-0.008540911	0.068147644	0.08540036	0.06371046	-0.045735653	-0.046201732	0.024098556	-0.008296658	0.048326403	0.04276074	0.023081558	0.18615492	0.029109133
0.37265623	0.3798727	-0.377519	0.44263446	0.35914257	0.370638	0.43773204	-0.33682328	0.34812814	-0.38454092	0.41105428	0.3307901	0.38587138	-0.31890067	0.22344786	0.34278286
-0.51277137	-0.44522342	0.47096717	-0.48963326	-0.4305992	-0.45680836	-0.46141952	0.5031622	-0.45163518	0.40952668	-0.41415665	-0.48871782	-0.47013244	0.49120823	0.0036697497	-0.4874041
0.049494855	0.07638239	-0.009633849	0.032768905	0.054539148	0.07312079	0.037412282	0.0002648732	0.045280445	-0.026289495	0.04254059	0.025061902	0.06267592	-0.045354854	0.122113794	0.051946472
-0.5451391	-0.528247	0.5212532	-0.4449435	-0.48399866	-0.4700796	-0.5044534	0.44233456	-0.46335408	0.48994786	-0.50531286	-0.50172997	-0.44059378	0.48690185	0.21839328	-0.4711397
-0.0895326	-0.11542324	0.07629148	-0.098825164	-0.09965831	-0.06475868	-0.12285861	0.08973003	-0.17855768	0.07042424	-0.14619823	-0.12948014	-0.06473287	0.15712412	0.19113363	-0.12118805
-0.46574646	-0.41107908	0.40439355	-0.42451674	-0.42428496	-0.43405885	-0.4658448	0.42827192	-0.45388553	0.40908384	-0.4061064	-0.46231106	-0.41769984	0.41243926	0.042141106	-0.45568487
-0.41307858	-0.45493314	0.43773815	-0.4219443	-0.35715765	-0.40759555	-0.40897837	0.4085412	-0.3811154	0.42613468	-0.46341717	-0.39706668	-0.34754005	0.46035838	0.21754979	-0.39056912
-0.14343967	-0.15290864	0.19108081	-0.09925717	-0.17685668	-0.12714194	-0.14467523	0.09842063	-0.13368829	0.1878357	-0.1537915	-0.16402559	-0.15250377	0.10711075	-0.10223561	-0.16771904
-0.49753904	-0.4980954	0.5344316	-0.5364497	-0.4864862	-0.54187125	-0.5394079	0.5384933	-0.5447002	0.5183587	-0.48740858	-0.56660426	-0.48016694	0.5465584	0.291823	-0.52887917
0.38615093	0.38780174	-0.43303472	0.4557366	0.3663335	0.42101097	0.4165605	-0.3815004	0.4319067	-0.42954656	0.42272744	0.40663445	0.38609812	-0.4210335	0.10402713	0.43359217
0.4113418	0.37596422	-0.3463187	0.40374	0.41605708	0.41217232	0.41427284	-0.35578284	0.389399	-0.31863326	0.42201218	0.36375427	0.3451134	-0.38604683	0.22242437	0.4144093
0.24622147	0.28091297	-0.25092563	0.2874605	0.24534726	0.23293959	0.31661615	-0.22658698	0.20647216	-0.23492865	0.23368391	0.28159976	0.2568597	-0.27177763	0.17663772	0.22916336
0.36322418	0.39704147	-0.3171995	0.35929415	0.34798402	0.37563232	0.3235931	-0.3490776	0.3532928	-0.37258202	0.37520203	0.37562954	0.36180255	-0.3694495	0.2865538	0.35322207
-0.13038969	-0.0845408	0.08602796	-0.09339046	-0.06909998	-0.12974578	-0.06002759	0.05496896	-0.10720123	0.13620035	-0.0534106	-0.090843566	-0.12755907	0.1054082	0.1596257	-0.04773338
0.3923491	0.37063488	-0.3563236	0.39575362	0.32260984	0.35805726	0.40573427	-0.3671303	0.44894436	-0.40777186	0.41100964	0.41622284	0.39394587	-0.381694	-0.047337692	0.4316842
0.1305424	0.18315345	-0.17814879	0.19143105	0.14140765	0.14427611	0.123137034	-0.19591261	0.09878461	-0.1470197	0.103863075	0.17442599	0.103380166	-0.1003783	0.23272805	0.17217183
-0.13970596	-0.16384327	0.09826235	-0.10672884	-0.1431843	-0.111130826	-0.16459611	0.08140201	-0.09585735	0.10621419	-0.07798469	-0.14435337	-0.15214904	0.102166496	0.060441073	-0.16538765
-0.2578051	-0.3107734	0.249861	-0.3008508	-0.27137947	-0.17236727	-0.242756	0.23025592	-0.2907728	0.29106918	-0.2905582	-0.35488236	-0.29904556	0.26940572	0.3258485	-0.32824856
0.0090261	-0.029264482	0.04639365	-0.009798316	0.052196622	0.020914756	0.04619691	-0.038883273	-0.0023924909	0.011636052	-0.043419275	0.01320492	0.018194532	0.022087775	0.27149105	0.018145323
-0.88586164	-0.7817207	0.7656314	-0.8232568	-0.7394294	-0.789632	-0.8441777	0.7744545	-0.796535	0.7816346	-0.8370784	-0.8171364	-0.7372987	0.8031072	0.1454846	-0.8301866
-0.4043893	-0.454284	0.3945561	-0.41995388	-0.42618734	-0.40048504	-0.47074503	0.42649382	-0.4211474	0.3673196	-0.39948273	-0.38310832	-0.4020393	0.40826395	0.03231796	-0.42476133
0.17232838	0.15178864	-0.1339557	0.1271719	0.15982321	0.18067826	0.088917986	-0.08650782	0.15604222	-0.088463426	0.10794043	0.1117949	0.16053344	-0.110598095	0.054707054	0.14392516
0.24772431	0.33251756	-0.2562832	0.2410532	0.30564737	0.24907583	0.28269422	-0.3209438	0.31881368	-0.27719274	0.2696313	0.28068143	0.26949233	-0.26884627	0.1564433	0.23833849
-0.045564126	-0.023899427	0.08046983	-0.075339176	-0.0027700404	-0.02557974	-0.046409093	0.0061187604	-0.11104619	0.0688544	-0.009300367	-0.10276403	-0.04613806	0.04250422	0.14375177	-0.08208537
0.05056996	0.066149786	-0.08013285	0.0739948	0.04713319	0.098049894	0.106435195	-0.10260264	0.079432614	-0.013947201	0.0679624	0.014235195	0.10407471	-0.079780154	0.05956028	0.0637508
0.3050146	0.29998472	-0.33148742	0.3022284	0.29813796	0.37993008	0.29299632	-0.35722145	0.32590842	-0.25605917	0.3680018	0.31258127	0.31965408	-0.26133186	0.2193011	0.28352052
0.3691444	0.33195132	-0.30862802	0.32613152	0.35445017	0.35584125	0.36007893	-0.3420164	0.26584527	-0.31846035	0.2929079	0.28189337	0.3138943	-0.28117144	0.1671979	0.29938596
-0.45591587	-0.45678473	0.41742238	-0.4590654	-0.4361253	-0.4047211	-0.5056802	0.44541067	-0.44426486	0.39687186	-0.45728883	-0.48752818	-0.46437457	0.49924797	0.23983082	-0.46146566
-0.10186133	-0.13958733	0.12357183	-0.16183709	-0.12844983	-0.108003885	-0.19188118	0.113065295	-0.18249588	0.12193103	-0.16292506	-0.13878325	-0.1478417	0.18706056	0.30311915	-0.09692099
0.19485155	0.21535711	-0.13286673	0.1644654	0.16349387	0.19329552	0.2143129	-0.17128767	0.1506492	-0.1655309	0.20110956	0.24966958	0.18941383	-0.19281569	-0.08433208	0.19914407
0.08156529	0.07709676	-0.07697193	0.053002737	0.019754432	0.053835914	0.09075982	-0.05804408	0.04345266	-0.02968483	0.05462107	0.11033146	0.06487199	-0.07701677	0.13942806	0.034321804
0.2343256	0.15714157	-0.20312783	0.18506642	0.17334113	0.23455492	0.20455295	-0.20194176	0.12264028	-0.20360395	0.22815157	0.16392274	0.16450083	-0.16161449	0.20606126	0.2149406
0.22139451	0.20740277	-0.25178882	0.26693627	0.22090322	0.26261315	0.21155831	-0.27242574	0.26695737	-0.22625637	0.19814512	0.23158549	0.26500082	-0.22707148	0.06576673	0.28220117
0.11268858	0.1489925	-0.17645557	0.111257054	0.13693677	0.197673	0.08581761	-0.097392805	0.17996679	-0.11797269	0.14178464	0.097525015	0.15134665	-0.09976046	0.13411617	0.082107395
0.3101975	0.2993085	-0.2831066	0.27152613	0.24944225	0.3302432	0.27696177	-0.25569412	0.24110658	-0.19632863	0.28140557	0.2769278	0.18739986	-0.28407377	0.28831974	0.21331882
-0.12557405	-0.16519246	0.13667132	-0.1799121	-0.14097372	-0.13650915	-0.16408968	0.15653768	-0.14912385	0.19517985	-0.120011054	-0.17950112	-0.1161769	0.15424103	0.20856646	-0.2056142
0.16475163	0.17494443	-0.18798442	0.15825516	0.18325645	0.14376585	0.16687009	-0.1956491	0.14816971	-0.18872829	0.19934462	0.13392429	0.15049985	-0.15788275	0.044069774	0.1563051
0.28770208	0.20997898	-0.22982514	0.27118072	0.20526621	0.28146896	0.28330627	-0.28481886	0.2535681	-0.26341507	0.26894733	0.26959673	0.2477529	-0.18964536	0.18535776	0.2572421
-0.19749857	-0.15972845	0.19130033	-0.14431876	-0.15954065	-0.11797089	-0.22302377	0.16066417	-0.17421171	0.13440001	-0.20152557	-0.14265032	-0.16235378	0.19933349	0.069278605	-0.2151387
0.6106389	0.6134744	-0.56051654	0.5825605	0.56081516	0.547808	0.5800445	-0.54752386	0.5993848	-0.5593265	0.5963723	0.5493061	0.4867736	-0.5791549	0.12659495	0.5728238
-0.20869699	-0.14606819	0.13013195	-0.13584344	-0.14843705	-0.11678732	-0.17663395	0.17809957	-0.19755149	0.20019075	-0.20541708	-0.19346486	-0.15570372	0.17380944	0.18739913	-0.12563828
0.2554312	0.18057603	-0.20433214	0.22174759	0.2542832	0.19399028	0.22415419	-0.17189328	0.25435522	-0.24675107	0.21529768	0.20289531	0.16631253	-0.20940888	0.07565014	0.17976768
0.75047	0.68669724	-0.6997714	0.72710407	0.6663493	0.69824153	0.7232709	-0.68840975	0.71886456	-0.7181351	0.71644473	0.68352693	0.6616074	-0.72343975	0.070772894	0.7419769
-0.10982452	-0.14213209	0.18451943	-0.18964809	-0.14806241	-0.14502472	-0.14495978	0.15556408	-0.20640981	0.10923337	-0.14473173	-0.13582416	-0.1511778	0.15275341	-0.0115532065	-0.12634462
-0.498291	-0.45467526	0.44766217	-0.47658864	-0.41627628	-0.41710576	-0.42645288	0.433356	-0.4032746	0.37583256	-0.38797718	-0.4044918	-0.44580066	0.4366661	0.13657026	-0.46742842
0.30578047	0.22580323	-0.23618333	0.24413055	0.28941482	0.2762768	0.22160466	-0.20700371	0.27142814	-0.28691372	0.2528247	0.22467878	0.25784546	-0.20380928	0.15294302	0.22940336
-0.18617566	-0.1237652	0.16430402	-0.19594447	-0.15555349	-0.09906331	-0.1279529	0.12478399	-0.20596899	0.16537659	-0.15295963	-0.20040454	-0.19764942	0.12984048	0.1799839	-0.14143284
0.5402132	0.5035951	-0.5246273	0.5173416	0.47675058	0.48703387	0.52274156	-0.51541966	0.5275029	-0.5537587	0.5693918	0.50865555	0.53651434	-0.5397679	0.2724418	0.54905367
0.24000208	0.20546335	-0.22205357	0.19729194	0.18947679	0.25089803	0.24429932	-0.23154445	0.1931962	-0.20851542	0.15022649	0.16939747	0.14354327	-0.17090325	0.21221107	0.17888054
0.30893925	0.27198225	-0.2762632	0.33222988	0.28392267	0.2917822	0.29158133	-0.30404276	0.25591314	-0.2154201	0.26461542	0.29951528	0.2745723	-0.25729278	0.23668279	0.2494807
0.4114128	0.45486414	-0.40900874	0.47877675	0.45358977	0.4517402	0.42915246	-0.4203369	0.45375013	-0.3840735	0.47502497	0.44656903	0.43537965	-0.47724634	0.15903205	0.41446355
0.14490494	0.11162558	-0.17577516	0.114361174	0.15150249	0.1526891	0.11734703	-0.1645634	0.13147664	-0.13045856	0.14542334	0.1591565	0.105746076	-0.1308836	0.18786518	0.13024782
-0.2139791	-0.24615638	0.25953126	-0.26384628	-0.2652065	-0.22122106	-0.2147788	0.22782977	-0.18766937	0.22421105	-0.28387013	-0.27540767	-0.23648112	0.2778158	-0.05738554	-0.2589022
0.27701268	0.28300157	-0.28412026	0.30941656	0.30147347	0.35737842	0.35814238	-0.28336093	0.32937708	-0.33246928	0.27283216	0.35103753	0.27194756	-0.27935708	0.18400383	0.2974816
-0.6665022	-0.6882535	0.7148737	-0.72526926	-0.58430743	-0.6470567	-0.668961	0.671981	-0.70999444	0.66847354	-0.69371057	-0.65267307	-0.62435085	0.71418524	0.26701975	-0.730497
-0.022983933	0.047772504	0.02977885	-0.012453126	-0.023213461	-0.019199831	-0.007835261	-0.0035660032	-0.011488242	-0.008606822	-0.041183595	0.022145728	0.022601644	-0.016397374	0.20892064	-0.012241813
-0.15504391	-0.18851809	0.16341414	-0.17077132	-0.16506593	-0.18435115	-0.18614791	0.12937412	-0.16180831	0.1757075	-0.20661119	-0.16808586	-0.14764251	0.14937595	0.037954014	-0.18363473
0.5008626	0.44582844	-0.3962319	0.46196482	0.40934473	0.4659066	0.45872745	-0.4641654	0.3787966	-0.35900542	0.42231014	0.38553274	0.41867125	-0.4452218	0.24950849	0.40911862
0.43118685	0.46366	-0.37153462	0.40204024	0.37164775	0.41729754	0.38774472	-0.3939414	0.44706386	-0.41245425	0.44918144	0.3831863	0.3555709	-0.3772485	0.18543576	0.45953587
0.613524	0.6482103	-0.57750607	0.62085897	0.5385457	0.6345623	0.5925689	-0.62831247	0.6123091	-0.5917967	0.576024	0.6187645	0.6140052	-0.58665943	0.037358057	0.64313793
0.2560377	0.17795832	-0.1931823	0.22240457	0.20743388	0.20754182	0.20499171	-0.21524893	0.1349142	-0.16576289	0.21609479	0.19242035	0.20196222	-0.16408885	0.19018759	0.1810802
-0.047690835	-0.085821	0.037875555	-0.0857231	-0.10091077	-0.039952222	-0.09590054	0.12385136	-0.1233314	0.060138892	-0.06498476	-0.08526082	-0.12640093	0.07988285	0.1194885	-0.05993764
0.2964152	0.2991975	-0.23326638	0.25343406	0.2623576	0.25779033	0.23995365	-0.26154432	0.19670245	-0.24235684	0.2945306	0.28419143	0.22219759	-0.27590606	0.26429135	0.2382782
0.03775641	-0.0007943645	-0.03682332	-0.013600315	0.003910334	0.025426572	0.022217805	-0.011656383	-0.009406931	0.02054279	0.05812509	-0.028379895	0.053682227	0.037655693	0.15323621	0.003516011
-0.1222274	-0.19022614	0.16927537	-0.14012606	-0.15581065	-0.18451552	-0.17013267	0.14606884	-0.19311133	0.1885633	-0.16347608	-0.17936046	-0.16876534	0.19138539	0.19313751	-0.1759819
-0.26661983	-0.20712453	0.27068108	-0.26708296	-0.22945163	-0.23256597	-0.26480284	0.26234022	-0.29402828	0.28290674	-0.1873568	-0.23103191	-0.29095894	0.25796366	0.020782096	-0.2594921
-0.41220424	-0.39425737	0.40191564	-0.38267475	-0.40601414	-0.35217813	-0.4784059	0.45974165	-0.45851997	0.44086173	-0.4668254	-0.46638384	-0.4085522	0.4535086	0.26153025	-0.4374878
-0.0036805698	0.05848091	-0.068108715	0.048873406	-0.011364078	0.01190641	-0.0050387555	-0.07689437	-0.0041014347	-0.04146832	0.015810117	0.04983724	0.018447792	0.0057339347	0.26063123	-0.003620187
-0.13099484	-0.13409333	0.11194327	-0.16623354	-0.17846464	-0.19486688	-0.16889435	0.11504854	-0.19255805	0.1808023	-0.09066846	-0.14646511	-0.123711176	0.19625486	0.06892577	-0.118466206
0.18498814	0.20212296	-0.2353427	0.22161126	0.16587584	0.2342593	0.1828303	-0.22405788	0.1699103	-0.17025878	0.20084113	0.2218672	0.2180943	-0.22870292	0.22486061	0.22842328
-0.16248946	-0.1522946	0.18861844	-0.13919558	-0.17840597	-0.17406873	-0.14338566	0.14394262	-0.13484189	0.1320124	-0.1566049	-0.20971821	-0.112321444	0.1970788	0.034719106	-0.19813463
-0.14263615	-0.13953781	0.13345483	-0.06640108	-0.12307074	-0.09638311	-0.08046506	0.06718667	-0.094196066	0.11408805	-0.14050928	-0.12581228	-0.08843853	0.0943387	0.13785326	-0.11799497
-0.4148617	-0.42812258	0.38480538	-0.39207152	-0.38457933	-0.37832913	-0.4258645	0.35042867	-0.43606144	0.35513452	-0.46066535	-0.40318882	-0.41769317	0.36504656	0.024883013	-0.44494084
-0.37950882	-0.37299478	0.3792972	-0.38258195	-0.2857726	-0.32848904	-0.38060772	0.3222042	-0.39999217	0.38087505	-0.35379702	-0.38037178	-0.34717926	0.36427155	0.14424871	-0.32138067
-0.07863135	-0.13243932	0.12085707	-0.08891181	-0.14276735	-0.13127042	-0.07994606	0.11645464	-0.12026732	0.13595484	-0.10823158	-0.12073687	-0.10578882	0.17991829	0.24586725	-0.14120097
0.42190734	0.3983795	-0.43918732	0.4346307	0.46747497	0.46967736	0.48324034	-0.45752016	0.4376255	-0.44217515	0.46018827	0.45656922	0.43560562	-0.4178079	0.26762363	0.4589988
0.3463956	0.42413348	-0.38070714	0.44121224	0.35693973	0.3481381	0.35781482	-0.34583914	0.37100556	-0.38776517	0.34095946	0.42450884	0.32491037	-0.39017275	0.119785696	0.37459943
-0.03482286	-0.08661186	0.009826628	-0.012565899	0.0012416975	-0.062164906	-0.10032236	0.08295079	-0.0940622	0.008950193	-0.07131794	-0.09083563	-0.07978852	0.027624676	0.10636769	-0.07597774
0.04332824	-0.00884751	-0.04087549	0.0028140722	-0.0027017002	0.0710982	-0.019745119	-0.014839378	0.044170097	-0.02891546	0.036134206	0.055200487	-0.015274225	0.009034675	0.2094798	0.007893929
0.64349437	0.63944423	-0.59031415	0.67724323	0.58493763	0.6297525	0.679378	-0.63198984	0.6540915	-0.53877425	0.6586821	0.6049744	0.58547604	-0.58163476	0.34813052	0.6424046
0.108454056	0.12605634	-0.15691051	0.12468164	0.16225864	0.099985026	0.09841917	-0.10620434	0.08132203	-0.11594121	0.14597307	0.085530944	0.14039047	-0.09770238	0.1659564	0.13151558
-0.205377	-0.22284523	0.1688202	-0.18831362	-0.2288819	-0.15595444	-0.20554154	0.18580906	-0.23924422	0.24103831	-0.21755363	-0.2364592	-0.23158222	0.19720264	0.19618814	-0.21508059
0.58608395	0.5167295	-0.5912794	0.53793854	0.49423113	0.57049644	0.5296861	-0.51233053	0.5538289	-0.50077724	0.51459926	0.52521855	0.5114264	-0.59674364	0.15448402	0.5363261
-0.32587874	-0.38647017	0.30763543	-0.3847815	-0.31414604	-0.26969263	-0.3769394	0.3615801	-0.34336323	0.327867	-0.34754604	-0.38961142	-0.31922543	0.311552	0.2183899	-0.37119246
-0.32359698	-0.3557361	0.38769212	-0.32749176	-0.32075363	-0.34059072	-0.3221827	0.34760728	-0.32678002	0.29150793	-0.39684975	-0.37465972	-0.320891	0.33161256	-0.00019707633	-0.3125444
0.1142438	0.11005186	-0.12874445	0.15072572	0.13235146	0.18674617	0.17241082	-0.10158269	0.11462347	-0.088025816	0.16537957	0.13531591	0.09069284	-0.15614986	0.19447558	0.15815187
0.7026041	0.6446517	-0.6891342	0.7553631	0.6759554	0.6973613	0.6890434	-0.72528243	0.7164013	-0.6487566	0.7347422	0.6564048	0.62079877	-0.6595983	0.20323645	0.7015291
0.45447734	0.43041298	-0.39956123	0.46531135	0.3691921	0.45737725	0.4640036	-0.4422692	0.4476854	-0.41736037	0.39124566	0.4380567	0.32749718	-0.4200156	0.22565703	0.36564457
0.39714047	0.45714286	-0.47772983	0.4151052	0.37388545	0.46413362	0.44288227	-0.47225368	0.40923506	-0.37762275	0.4033002	0.38608372	0.3966363	-0.4455678	0.121081814	0.4167216
0.72578585	0.6478856	-0.6879546	0.7206799	0.5795174	0.6361177	0.715105	-0.6815974	0.6462598	-0.6659512	0.6921196	0.7083028	0.56138176	-0.64223516	0.21427508	0.692014
0.2108732	0.2541464	-0.25193828	0.2369599	0.20338985	0.3007926	0.26629785	-0.21677275	0.21678716	-0.21760117	0.26709425	0.29774332	0.20662853	-0.19613554	0.14387804	0.2036809
0.20792592	0.27979988	-0.24706186	0.28053278	0.18235219	0.23890796	0.19348916	-0.26794222	0.26545307	-0.21563551	0.18090421	0.24551602	0.2368836	-0.21582404	0.12681127	0.2849592
0.58830416	0.57621	-0.6275896	0.6496372	0.5569008	0.5804137	0.6178917	-0.5627817	0.5958164	-0.53693897	0.6196681	0.5932255	0.49978173	-0.5953144	0.32325363	0.57694566
-0.059986636	-0.011151887	-0.02718468	-0.04542377	-0.0016392872	-0.06139674	-0.054852035	0.050539687	0.03417625	-0.036974974	0.03793078	-0.05794756	-0.011326619	0.038731933	0.030435089	-0.024499744
0.33140483	0.29679608	-0.30535993	0.3582161	0.29198822	0.32323602	0.3778445	-0.29491603	0.32556194	-0.26396546	0.2973213	0.28860927	0.27008784	-0.31759146	0.19335884	0.30040058
0.2478696	0.24802332	-0.18500303	0.24944568	0.17349571	0.18969095	0.2090787	-0.20117535	0.1731762	-0.23326461	0.22632511	0.20033963	0.19313611	-0.2492262	0.21226971	0.20430768
0.6433126	0.6521625	-0.7035894	0.68369514	0.5961868	0.6252857	0.72784525	-0.6908719	0.6980422	-0.5941537	0.64738834	0.6795376	0.6601495	-0.6394361	0.23939174	0.6589197
-0.21870558	-0.24827917	0.27169505	-0.25060505	-0.21248129	-0.255644	-0.22781256	0.28172326	-0.25757283	0.19313076	-0.2188303	-0.20205441	-0.19765085	0.20927222	-0.039750785	-0.2647043
-0.039180342	-0.093681015	0.0067617926	-0.0349931	0.010713915	-0.008875722	-0.11039206	0.036679115	-0.049145926	0.08430841	-0.10352839	-0.13412377	-0.07074294	0.11967595	0.23041487	-0.098132186
0.16188827	0.15974256	-0.09880184	0.15030165	0.12741518	0.16226757	0.11752485	-0.13841662	0.110391594	-0.119239435	0.10300169	0.13541277	0.114795096	-0.14535145	0.026892953	0.14389205
-0.25076544	-0.29472634	0.29025325	-0.3219679	-0.21848248	-0.24518605	-0.31320277	0.22846389	-0.25966707	0.20836852	-0.3062046	-0.26287606	-0.25113377	0.28769958	-0.015381258	-0.2732495
0.14566977	0.16199218	-0.1850376	0.1772268	0.16913015	0.17819524	0.14454347	-0.17767891	0.09154396	-0.1711316	0.08298422	0.14045186	0.12017631	-0.13951045	0.22017166	0.11938705
-0.012539608	-0.062799186	0.0903485	-0.08827152	-0.057006467	-0.028897842	-0.019222397	0.012476606	-0.088094465	0.042274088	-0.047324907	-0.10310418	-0.05713729	0.07372364	0.16543049	-0.052957434
-0.1930862	-0.23255977	0.21940845	-0.2595659	-0.18222438	-0.19695318	-0.28414923	0.18794604	-0.24458572	0.18280825	-0.22887369	-0.23236802	-0.20280056	0.207475	0.06644482	-0.2523326
0.020053875	0.06581844	-0.04454165	0.015989859	0.0405025	0.0103034265	0.052935638	-0.0007279478	0.051596466	-0.079692215	0.08182439	-0.0046833125	0.046958223	-0.052645773	-0.008370444	-0.005476093
0.18269677	0.13291472	-0.16446835	0.1675345	0.15203384	0.1961478	0.17728221	-0.14412256	0.15964472	-0.11484048	0.2230463	0.19978504	0.122772425	-0.1333117	0.15952723	0.12944867
0.53364897	0.5654274	-0.5242615	0.53015816	0.5471655	0.5578293	0.5241113	-0.55971974	0.5464577	-0.46886426	0.5324515	0.5729376	0.45539522	-0.5696732	0.1426854	0.51161313
0.103668526	0.066906326	-0.07822954	0.12575082	0.07853294	0.043302443	0.12088728	-0.11394584	0.057728514	-0.078899644	0.043317903	0.058801908	0.09491968	-0.02897745	0.0772607	0.045541033
0.017516484	0.06684127	-0.048374172	0.07627454	0.04629585	0.09475325	0.07014568	-0.08784336	0.022621673	-0.061444137	0.061313413	0.022847146	0.10161034	-0.108834624	-0.018847369	0.10446371
0.021861844	-0.016468694	0.016085438	-0.01485541	0.028477786	0.070965305	-0.02452268	-0.04108735	0.05034117	0.030844137	0.04639845	-0.0028930618	0.015194565	0.02722565	0.15555061	0.00047300785
0.09654967	0.060620707	-0.06792988	0.13015157	0.05082627	0.12772894	0.11181186	-0.10437942	0.09715322	-0.105393186	0.0730777	0.10939988	0.089181095	-0.10872093	0.16643566	0.09637164
-0.24115871	-0.25893006	0.25682604	-0.21263658	-0.20299134	-0.23177908	-0.218892	0.1720447	-0.18240744	0.23219924	-0.25506464	-0.23312375	-0.18216081	0.2190214	0.15160333	-0.25456706
-0.074949816	-0.052978557	0.054374862	-0.11736397	-0.1005807	-0.047441673	-0.05938291	0.03134074	-0.07063665	0.044838984	-0.055824425	-0.02834841	-0.077027515	0.0200736	-0.025375566	-0.061261166
-0.14302395	-0.22738577	0.177559	-0.14730498	-0.1268932	-0.20384656	-0.19758336	0.15863213	-0.13588586	0.17635019	-0.21772231	-0.15821692	-0.20893207	0.20520434	0.11959434	-0.190133
0.08215968	0.045167804	-0.03900287	0.0821558	0.13722813	0.07921634	0.1052995	-0.0881823	0.05032992	-0.025927534	0.07286739	0.032423366	0.054885104	-0.08558479	0.19005723	0.07167744
-0.025404153	-0.029338522	-0.024855409	0.041524112	0.0075064497	-0.01259303	0.052353136	0.017760172	-0.04297745	0.031874646	-0.036776155	0.029939141	0.028588198	-0.033538673	0.09297732	0.008570112
-0.3816896	-0.4578828	0.46136844	-0.45941478	-0.43514255	-0.36584586	-0.4809728	0.38200843	-0.42810896	0.44827554	-0.4572782	-0.42267013	-0.38631704	0.40238416	0.15205547	-0.44703358
0.32179654	0.34281808	-0.3478941	0.38054645	0.28836784	0.3529208	0.34829527	-0.36870703	0.3410304	-0.26389158	0.33879918	0.3435645	0.2939926	-0.30840355	0.27580133	0.29344863
-0.67715186	-0.6259271	0.67084014	-0.6879178	-0.6736635	-0.6242974	-0.71643305	0.71729016	-0.7007416	0.68436146	-0.66702366	-0.62670815	-0.65495825	0.7079569	0.016462903	-0.7222111
-0.39973775	-0.4487836	0.43353334	-0.39806917	-0.45672455	-0.41519985	-0.40285942	0.3928378	-0.41685233	0.41016954	-0.42269355	-0.4108776	-0.39901087	0.48509547	0.11730375	-0.4441129
0.1725292	0.14257999	-0.19338858	0.15967265	0.11768756	0.18848757	0.116387635	-0.11102033	0.11620894	-0.098549075	0.10177383	0.18415095	0.13023491	-0.18088782	0.0935581	0.19433516
0.039582945	0.09682198	-0.07487324	0.13383098	0.034387786	0.106718056	0.10378072	-0.08487818	0.07597448	-0.11105941	0.10784365	0.12978616	0.06353654	-0.0635923	0.032262333	0.107072614
0.4562615	0.4709048	-0.43979138	0.4926971	0.44064498	0.43087083	0.43258336	-0.44522342	0.47652993	-0.4479455	0.49060604	0.47924238	0.3743683	-0.452906	0.25362635	0.40788385
-0.07714736	-0.038990833	0.040115297	-0.049453177	0.01379823	-0.05656155	-0.062747225	0.041992784	-0.039411377	0.047587626	0.010708941	-0.010964546	-0.04224539	-0.0028475411	0.13032846	-0.010607529
-0.06627542	-0.057468206	0.06597754	-0.043494165	-0.04621701	-0.009749696	-0.05102221	0.03959794	-0.0804673	0.10222591	-0.105319746	-0.07620607	-0.031311445	0.091333196	0.07334371	-0.026771989
0.73651713	0.7124448	-0.6576951	0.6814467	0.62376064	0.6185818	0.694127	-0.66178817	0.74345267	-0.5937296	0.7126922	0.6465392	0.63393104	-0.63722056	0.20409931	0.64938
0.4311881	0.3849109	-0.4448449	0.45119056	0.3526146	0.45036113	0.3607533	-0.3771031	0.4518126	-0.40505853	0.3725777	0.43533722	0.41699508	-0.41000092	0.013480746	0.43881702
0.6272724	0.62678206	-0.6180338	0.605422	0.5459739	0.59262264	0.67079514	-0.622501	0.6471407	-0.55847657	0.62923795	0.6740232	0.5901999	-0.6270217	0.22207859	0.625187
0.4377973	0.3947283	-0.38882744	0.386718	0.4012594	0.3914385	0.44567886	-0.43369237	0.36616167	-0.39206097	0.42492256	0.41114563	0.3881047	-0.3907771	0.15168656	0.45892859
-0.283666	-0.21987583	0.24179217	-0.3036413	-0.26692423	-0.23549898	-0.2760065	0.2628824	-0.2335905	0.27943477	-0.258802	-0.3007089	-0.23700172	0.21246484	0.2082874	-0.26450703
-0.5924229	-0.589445	0.6398526	-0.6385809	-0.53956604	-0.5928562	-0.636348	0.62461907	-0.6125917	0.6239337	-0.65281457	-0.63957536	-0.611691	0.58940285	0.1602245	-0.5958124
0.3383614	0.3192055	-0.29705694	0.4132921	0.35999072	0.36560377	0.37780374	-0.35624787	0.3041153	-0.341583	0.36042586	0.36119848	0.3472008	-0.30699742	0.21120165	0.39632595
0.58230156	0.6308422	-0.5597553	0.6617584	0.5676728	0.56257874	0.6202846	-0.54704976	0.5788419	-0.5413399	0.6199033	0.5370029	0.52532166	-0.6255101	0.2941838	0.6370887
-0.21222198	-0.231972	0.19480152	-0.25178424	-0.1549269	-0.19448692	-0.22147502	0.17589322	-0.20668675	0.17984681	-0.19968359	-0.25790015	-0.17897779	0.201973	0.06891423	-0.21705675
0.75992066	0.7390839	-0.68950796	0.76691926	0.63816637	0.73428863	0.73876834	-0.6666836	0.7051288	-0.677917	0.7163297	0.750936	0.6514091	-0.71463555	0.11733821	0.72129637
0.6700867	0.7036174	-0.6126603	0.621751	0.6390064	0.6171286	0.65204227	-0.63196427	0.642871	-0.64584965	0.6703472	0.64783317	0.5616712	-0.6514457	0.17787126	0.60647625
-0.2198323	-0.11637604	0.16897924	-0.20108534	-0.1475981	-0.09452946	-0.2255163	0.14147814	-0.17102136	0.13168913	-0.18392844	-0.21737763	-0.19698961	0.16372234	0.2252789	-0.20481957
0.17935646	0.21711026	-0.1548945	0.22465704	0.160453	0.18332747	0.15591832	-0.17482814	0.18903355	-0.17911589	0.24176136	0.22385688	0.16556875	-0.20029823	-0.03494987	0.2425158
0.20978768	0.15438469	-0.12903982	0.20735024	0.17729448	0.14597349	0.2234308	-0.18270148	0.19655569	-0.18378769	0.12530372	0.20835079	0.18834013	-0.13022216	0.10004178	0.17272654
-0.02480006	-0.03815409	0.09365653	-0.102121726	-0.03918285	-0.09351153	-0.06600909	0.08285643	-0.03303741	0.1046396	-0.06469466	-0.045450952	-0.028051205	0.064860135	0.011081773	-0.07558808
-0.07758373	-0.07421702	0.10708876	-0.13379575	-0.05387726	-0.13207847	-0.081105195	0.091477804	-0.15557341	0.13202508	-0.103040874	-0.11517103	-0.08896506	0.060165565	0.18158662	-0.12875795
-0.2931742	-0.2427193	0.27835205	-0.28168708	-0.28606483	-0.24140649	-0.31803787	0.23327583	-0.3208017	0.25198644	-0.2725901	-0.32878077	-0.2829335	0.2492719	0.01633156	-0.2691412
-0.03098188	-0.038945336	0.043542154	0.03562974	-0.007681831	-0.031095868	-0.021774031	0.003172306	0.016278885	-0.024166707	-0.014171587	-0.054692116	0.020165274	0.05203519	0.06923557	-0.030936573
0.60049605	0.5718982	-0.5821847	0.53487974	0.5107769	0.51367164	0.52862024	-0.5630474	0.5406229	-0.50181806	0.5514764	0.5514812	0.48670936	-0.5220164	0.26905063	0.5591534
-0.056499645	-0.015172196	-0.0029015518	-0.04216018	-0.027263543	0.01027888	-0.04975764	0.026937332	-0.029591355	0.087526225	-0.036394604	-0.06209226	-0.034807473	0.086261444	0.1315104	-0.0888269
-0.19437698	-0.19057082	0.17843552	-0.21270734	-0.2238125	-0.14746962	-0.2023493	0.21474616	-0.2505971	0.19291683	-0.17978722	-0.17149691	-0.17124309	0.19094737	0.109938264	-0.23116493
-0.5506589	-0.54357386	0.5319867	-0.5441773	-0.4719789	-0.4491676	-0.51282966	0.5331688	-0.52270126	0.46210092	-0.50770706	-0.53482866	-0.48750812	0.4644464	0.18567334	-0.55332655
-0.2272709	-0.2528017	0.26788902	-0.22083652	-0.21565479	-0.22496721	-0.28699094	0.26068917	-0.26842633	0.2733546	-0.26395416	-0.2462457	-0.19579576	0.24256456	0.08824458	-0.23260973
0.059337255	0.04213558	-0.061101798	0.03992087	0.048717637	-0.02328407	-0.03839345	0.011617282	0.06062828	-0.033805802	0.012273116	-0.0026611802	-0.034912948	-0.05348401	0.17612289	0.022271166
0.20258349	0.20040798	-0.17425345	0.13306184	0.12523995	0.21412641	0.17559952	-0.18753694	0.18916674	-0.16264455	0.18990308	0.1918201	0.09933315	-0.14703114	0.099250466	0.20653604
-0.048675485	-0.020985078	-0.04785803	0.028132653	0.032271296	-0.02683531	-0.012000436	0.029068368	0.018603148	0.0010417888	0.012971834	0.016901243	0.01615799	-0.020658245	0.13797191	0.016403446
-0.20348647	-0.22678633	0.19251512	-0.27622548	-0.16900519	-0.22769329	-0.22980125	0.20623961	-0.18316226	0.23242593	-0.26597878	-0.24630663	-0.17552504	0.22757712	-0.05021937	-0.2147626
0.6568608	0.6146175	-0.68467385	0.6822324	0.6333594	0.6648727	0.64462864	-0.64385015	0.6631743	-0.62282354	0.6312725	0.6044411	0.5842483	-0.5979577	0.07327774	0.67610896
0.30009228	0.30864748	-0.29694352	0.30730742	0.31988218	0.27601144	0.28982726	-0.35352376	0.3305926	-0.24248773	0.32932493	0.32746014	0.32821172	-0.34747002	0.14210299	0.29875305
0.5009028	0.4389393	-0.49008003	0.42368966	0.49361914	0.44506902	0.51018333	-0.45746118	0.47574845	-0.45208055	0.4573952	0.4772377	0.39829424	-0.39106566	0.23582298	0.42452347
0.45336112	0.4206451	-0.428938	0.46649083	0.44811183	0.40365925	0.47002622	-0.46434808	0.37935245	-0.32544827	0.41223305	0.3682508	0.34193915	-0.36629283	0.25759593	0.44739947
0.30987918	0.3198874	-0.2580629	0.2686955	0.23419967	0.32516262	0.2574958	-0.24826156	0.24832618	-0.22796525	0.30173525	0.3030277	0.24334621	-0.27886093	0.21874458	0.2896957
0.5593714	0.5818674	-0.50032675	0.5417298	0.52838427	0.5664912	0.5400357	-0.5532009	0.58313334	-0.4919925	0.56824857	0.50688165	0.45934287	-0.5765296	0.26366103	0.5871883
-0.05106041	-0.013018401	0.021205692	-0.087608285	-0.036010988	-0.010043911	-0.016281826	0.008313122	-0.069449484	0.026304845	-0.089596495	-0.0017553515	-0.03734395	0.02021102	-0.016269075	-0.04614482
-0.520937	-0.45926014	0.51583916	-0.49923533	-0.4502581	-0.39813483	-0.48631656	0.43169597	-0.5044818	0.48236537	-0.5238935	-0.5123039	-0.43389505	0.54498434	0.22764802	-0.53168565
-0.10058915	-0.045038436	0.06719224	-0.023092976	-0.06024074	-0.01425211	-0.114521794	0.059371635	-0.027003508	0.07163389	-0.11479354	-0.093686126	-0.07466047	0.097842984	0.22189003	-0.043311276
-0.07075354	-0.0766532	0.11684645	-0.07187479	-0.07080407	-0.030449057	-0.07162584	0.05248624	-0.09939833	0.1095606	-0.11850251	-0.06069854	-0.12606288	0.061928984	0.1815197	-0.079374835
-0.55453646	-0.52859646	0.52891195	-0.5700682	-0.5025296	-0.50821376	-0.6093561	0.5424042	-0.6210596	0.53399915	-0.5452712	-0.56366354	-0.5024873	0.54199034	0.23670128	-0.57109195
-0.23204716	-0.15691698	0.19042084	-0.1836164	-0.15079702	-0.19759476	-0.22431903	0.14556366	-0.23739827	0.17224191	-0.24104947	-0.21986373	-0.14501205	0.23239422	0.15786463	-0.17097653
0.024656804	0.050890584	-0.11384957	0.039082117	0.07841536	0.117675796	0.03262164	-0.054661125	0.08459185	-0.01377028	0.090221316	0.009117691	0.09428277	-0.0995294	0.21176514	0.1070191
0.37702817	0.40676427	-0.39923206	0.41971314	0.34168234	0.4042207	0.40356728	-0.35646224	0.34363446	-0.33156955	0.4477327	0.3977251	0.33117586	-0.34932008	0.08662892	0.42234334
0.5905276	0.5841672	-0.5265904	0.6235081	0.5514556	0.5467805	0.58852416	-0.57773054	0.5663406	-0.50359505	0.5920027	0.6116117	0.5500619	-0.58415824	0.14219394	0.55627155
-0.72396404	-0.6582797	0.7186927	-0.720335	-0.61620224	-0.6633631	-0.6510552	0.65287364	-0.6754761	0.66638297	-0.67248905	-0.6742051	-0.58874714	0.7192248	-0.15654041	-0.7233231
0.2842461	0.23033902	-0.21377155	0.2988926	0.29161817	0.2901703	0.23249069	-0.21762447	0.2269821	-0.19057612	0.27441305	0.2301737	0.23667903	-0.19279075	0.13778129	0.29098794
-0.6232638	-0.66648793	0.66796327	-0.72387	-0.6181843	-0.5869373	-0.6829225	0.6411934	-0.6566312	0.62119615	-0.66606385	-0.69476116	-0.60772705	0.6534225	0.07919396	-0.65323377
-0.7164015	-0.6845981	0.67558503	-0.65975803	-0.6372826	-0.6582878	-0.6598723	0.6340731	-0.68935406	0.6530556	-0.7095865	-0.7216071	-0.6433191	0.6740951	0.09133086	-0.6988995
-0.55109596	-0.5684781	0.49965006	-0.5597217	-0.4843021	-0.5358774	-0.49494615	0.5556358	-0.55180895	0.5560912	-0.53777593	-0.48917532	-0.53885216	0.538346	0.010188066	-0.5177542
0.3131669	0.37257883	-0.31978646	0.3580173	0.27531826	0.35922053	0.31531498	-0.32080245	0.352129	-0.27755487	0.28335202	0.29303622	0.32919866	-0.2999749	0.119583234	0.28667298
-0.15466367	-0.21481068	0.16133177	-0.2173007	-0.1815363	-0.16692388	-0.16160874	0.17286754	-0.17046611	0.2159647	-0.16676508	-0.19310798	-0.19279279	0.15489724	0.034788005	-0.18060015
0.12125467	0.07741402	-0.11642749	0.118686624	0.12168128	0.069774985	0.04968993	-0.12982838	0.095074885	-0.046779778	0.12149633	0.13287075	0.101091534	-0.051471893	0.123284765	0.13130446
0.147411	0.108584	-0.116749436	0.17821634	0.10640978	0.1105109	0.17863019	-0.10954631	0.07917165	-0.17739542	0.1112787	0.16394074	0.15543145	-0.12599307	0.11815618	0.13339505
-0.11072966	-0.13468227	0.10275665	-0.12149787	-0.07046587	-0.1496799	-0.0846995	0.08412554	-0.13472846	0.101268694	-0.07904492	-0.115376264	-0.09220659	0.1491342	0.16653883	-0.07481012
0.7023564	0.7143079	-0.7235547	0.7548178	0.65979016	0.65974545	0.70069957	-0.69741493	0.6945916	-0.62954026	0.62886375	0.67417157	0.62850356	-0.70978206	0.24094604	0.7229641
0.1423816	0.14092259	-0.13949913	0.14350915	0.119987465	0.11604691	0.1327577	-0.122275144	0.1450643	-0.062536955	0.114192165	0.10744027	0.13878429	-0.15273671	0.17353672	0.088234074
0.021254143	0.0032082414	-0.055225737	0.0021321184	0.033207603	0.017679712	0.05064964	-0.00913227	0.02554468	-0.015271171	0.023489527	-0.029266475	0.050769303	-0.04738592	0.1778776	0.0067440607
-0.1943669	-0.1733589	0.17300618	-0.186742	-0.23315169	-0.18425243	-0.17397767	0.24892321	-0.22079217	0.21079156	-0.25548145	-0.20490867	-0.15239483	0.22257932	0.044960413	-0.20975138
0.40585813	0.33099565	-0.33973435	0.42948607	0.39385718	0.37739754	0.36987802	-0.35697854	0.30788025	-0.2896492	0.35157907	0.3772554	0.3239411	-0.31105977	0.2737787	0.4115238
0.6391719	0.6487394	-0.60713315	0.69120234	0.6127313	0.6318067	0.56420046	-0.59627545	0.61102736	-0.6207746	0.62850326	0.6038359	0.53271955	-0.6138831	0.23884264	0.6086323
-0.08425456	-0.10984939	0.09782952	-0.12738277	-0.14806609	-0.08944017	-0.098865174	0.14590925	-0.099764675	0.15871875	-0.14824685	-0.12042908	-0.10807207	0.17010985	0.10800188	-0.079108834
0.4076586	0.312691	-0.3386006	0.3395432	0.35122195	0.37060267	0.37677667	-0.3564589	0.35621664	-0.37445354	0.3794073	0.3937897	0.34970868	-0.39844316	0.01915884	0.38744053
0.66611725	0.6823223	-0.6389456	0.66829556	0.6511961	0.66837883	0.63874614	-0.652973	0.63312143	-0.65831333	0.6556799	0.6770244	0.6020015	-0.67677516	0.093631454	0.66910017
0.36850667	0.31074622	-0.31924656	0.3106818	0.32574	0.35805878	0.3230846	-0.37283513	0.30175978	-0.31507605	0.40710583	0.37923375	0.33968407	-0.3605316	0.050808996	0.31757227
0.5448356	0.5089664	-0.508781	0.5036244	0.50668454	0.47840348	0.53889877	-0.513386	0.5064581	-0.48745754	0.4695131	0.52996904	0.48188522	-0.4672991	0.14625552	0.46217084
-0.24134172	-0.19674385	0.19872521	-0.26960698	-0.22944334	-0.1944467	-0.25343084	0.26826623	-0.24686114	0.17776178	-0.24108557	-0.24799377	-0.20958893	0.24195914	0.07049687	-0.21056724
-0.17666648	-0.21524288	0.23247705	-0.16384548	-0.21510327	-0.13694778	-0.2407086	0.18078798	-0.19305453	0.16840538	-0.18374301	-0.1662016	-0.204756	0.152797	-0.06802051	-0.18090962
-0.040082496	-0.06491064	0.107742034	-0.07822693	-0.035940938	-0.028181499	-0.046505075	0.06649338	-0.13657315	0.07068592	-0.06234899	-0.0846418	-0.033536654	0.086917035	0.05591029	-0.09087776
-0.3690512	-0.34895128	0.3346515	-0.38390586	-0.34008786	-0.35437948	-0.3977174	0.39133093	-0.32152498	0.34498802	-0.398098	-0.37006804	-0.35733232	0.3699769	0.23156017	-0.37611863
-0.5631749	-0.56861246	0.5708839	-0.6064028	-0.51103723	-0.55689704	-0.59302557	0.5859444	-0.53940237	0.5715396	-0.54804575	-0.57005924	-0.5587884	0.54363006	0.1610988	-0.61973375
-0.55115587	-0.5780513	0.5854017	-0.5829182	-0.5113274	-0.54805195	-0.5622418	0.56139606	-0.6261691	0.5589918	-0.54870886	-0.5338207	-0.52589417	0.5553463	0.23324038	-0.54180527
-0.50183177	-0.47700927	0.42993596	-0.49331248	-0.34669542	-0.36217052	-0.47299764	0.47431508	-0.526068	0.49975577	-0.43918043	-0.5140738	-0.47014654	0.45744193	0.22465241	-0.4411446
-0.1561865	-0.23276444	0.16991179	-0.21263638	-0.17069711	-0.20763913	-0.17053136	0.18316366	-0.15767615	0.21066503	-0.22690478	-0.21130142	-0.14709204	0.1821637	0.0580907	-0.23900788
-0.4143783	-0.42186108	0.40869835	-0.44170114	-0.40248826	-0.34731916	-0.42194182	0.35881597	-0.36931193	0.3410279	-0.4050038	-0.38571042	-0.3538097	0.3486808	0.04846406	-0.43635225
-0.32046878	-0.2325251	0.27973872	-0.30343664	-0.26175645	-0.23440227	-0.24570304	0.25352892	-0.2832351	0.31377316	-0.2719628	-0.25305992	-0.2309271	0.31575397	0.057087	-0.24303357
0.37175837	0.36284626	-0.28787035	0.35261798	0.29262567	0.27831316	0.3729242	-0.2834455	0.27716172	-0.26377895	0.2863813	0.35920766	0.24795298	-0.27112487	0.13656354	0.28152707
-0.18130638	-0.13120545	0.17493778	-0.22487433	-0.14641501	-0.19802293	-0.21694171	0.1265308	-0.1408526	0.15727529	-0.15729783	-0.1686195	-0.1330561	0.19279563	-0.010010848	-0.15269405
-0.2292137	-0.2119711	0.24764632	-0.22432303	-0.24795806	-0.2583142	-0.24579303	0.27662024	-0.2945628	0.23541468	-0.24553975	-0.21709846	-0.23176529	0.23978952	0.0924224	-0.26372495
-0.49338126	-0.4336784	0.45547217	-0.47165218	-0.3789729	-0.3379468	-0.43133107	0.4270106	-0.43347326	0.41298252	-0.4883455	-0.44755822	-0.42134535	0.46462792	0.22774844	-0.44668105
0.17448615	0.107213296	-0.16356353	0.13395521	0.15586145	0.17750196	0.17461793	-0.18043908	0.16201371	-0.14855963	0.18081275	0.106509395	0.09035925	-0.115929134	0.18865281	0.11954452
-0.28844875	-0.29299617	0.30777392	-0.29633355	-0.22089005	-0.21774842	-0.34988117	0.27139357	-0.36607563	0.25027996	-0.3546609	-0.3058634	-0.3033398	0.27386272	0.15965979	-0.35077408
-0.107203774	-0.13127385	0.08617062	-0.14068164	-0.10390915	-0.101771176	-0.037151054	0.1386409	-0.1351919	0.11797008	-0.09310497	-0.118362136	-0.11457939	0.08865932	-0.052558087	-0.1182485
0.08466139	0.13656117	-0.15598187	0.093767904	0.06796749	0.12896687	0.094485365	-0.073485196	0.13953178	-0.120343626	0.09629218	0.09858608	0.092681326	-0.13742481	0.20666693	0.16221595
-0.23941393	-0.26404795	0.24390078	-0.3019635	-0.2608265	-0.29759112	-0.2705715	0.2608278	-0.2369534	0.22446507	-0.2641641	-0.24531427	-0.20550703	0.2977603	0.051355552	-0.2121728
-0.102076784	-0.05514631	0.0968028	-0.10707035	-0.051587097	-0.033243086	-0.14117001	0.091737546	-0.07050279	0.071502805	-0.12790556	-0.06924349	-0.046548784	0.13710766	0.1649848	-0.08764161
0.02629891	0.03734713	-0.020401772	-0.045668777	0.0029668452	-0.03147556	-0.036377795	-0.029596442	-0.05063505	0.0019370678	-0.03159363	-0.006023046	-0.03046803	-0.021171313	0.036858045	0.02372619
0.015111519	0.042264488	-0.049891707	0.042959843	-0.00060048746	-0.019370932	0.0056050476	0.016318262	-0.038049858	-0.019628027	0.016406437	-0.009242268	0.04722384	-0.0061919596	0.12800902	0.016755074
0.0601317	0.05242131	-0.0765445	0.084574394	0.08096132	0.07745768	0.08917878	-0.045308553	0.11876556	-0.04023645	0.030931102	0.09141396	0.06541624	-0.10768872	0.088413395	0.09604562
-0.24700837	-0.2557653	0.30722412	-0.32594046	-0.28507096	-0.2849238	-0.3305689	0.30854514	-0.23645528	0.2632674	-0.2989062	-0.22781204	-0.2857188	0.31227875	-0.091992386	-0.30702627
0.126593	0.12597825	-0.07744643	0.17450032	0.12126499	0.13479523	0.09497799	-0.12343048	0.1125198	-0.077188246	0.08550736	0.059656616	0.12895432	-0.07952557	0.09478996	0.117347345
-0.31480518	-0.26619747	0.25317693	-0.31438553	-0.25204146	-0.2786151	-0.23894309	0.23016769	-0.32136425	0.2748609	-0.24894024	-0.22682108	-0.27824682	0.3008516	0.020889899	-0.29427025
-0.6805251	-0.6052504	0.6065286	-0.6389107	-0.59516674	-0.5851986	-0.59776896	0.6053436	-0.67017627	0.61087424	-0.60277534	-0.56375927	-0.5634542	0.65300137	-0.06833978	-0.5749965
0.07903685	0.075648084	-0.043878082	0.05107852	0.06515106	0.07515377	0.09311034	-0.089682646	0.09484681	-0.039375234	0.07113239	0.044202264	0.0520676	-0.11207298	0.05704019	0.05071423
0.359279	0.31489554	-0.28936052	0.31469953	0.31976596	0.27868307	0.3210649	-0.3405063	0.36892125	-0.26784834	0.30292523	0.30496165	0.33821985	-0.28268814	0.1627755	0.27592593
-0.5629383	-0.5793569	0.60557944	-0.5964272	-0.49701837	-0.523859	-0.62305653	0.55783886	-0.57038206	0.5921569	-0.612244	-0.5473329	-0.5324736	0.5744014	0.07604824	-0.55748737
-0.36583543	-0.3036836	0.32961574	-0.3870988	-0.32731852	-0.29504463	-0.31707346	0.3223831	-0.29726273	0.33122012	-0.35704574	-0.30761528	-0.3310767	0.37151733	-0.046672635	-0.35638043
-0.13103998	-0.1492337	0.07886467	-0.07967926	-0.1488531	-0.07467949	-0.11228548	0.1251059	-0.14179984	0.068601325	-0.16276114	-0.15839629	-0.14896305	0.09429852	-0.02827768	-0.12204121
-0.12708078	-0.13671724	0.15198037	-0.14544608	-0.13023224	-0.10245802	-0.14360154	0.10207557	-0.17435893	0.187846	-0.13055567	-0.1484119	-0.1824653	0.115950175	0.23208465	-0.14009742
0.45777717	0.43611312	-0.39790973	0.42134723	0.35534054	0.3831382	0.39484197	-0.3588775	0.41941214	-0.3670011	0.41980502	0.37033632	0.3704581	-0.4225408	0.044944644	0.38212729
-0.061971013	-0.035945013	0.044475812	0.02609056	-0.004926199	0.03751691	-0.004837705	-0.015718682	-0.030579433	0.078056514	-0.03205802	0.013404171	0.0033958526	0.064895816	0.17052038	-0.043747228
0.054344125	0.025457578	-0.026636716	-0.01974564	-0.010172162	-0.0002993979	-0.028514931	-0.011220843	-0.007393597	-0.01704009	0.054843437	0.0489731	0.0052027707	0.01674311	0.060507275	0.049526457
-0.09986237	-0.062062237	0.07180015	-0.11034727	-0.03157049	-0.034959026	-0.106218785	0.060360692	-0.13532084	0.082561746	-0.039098687	-0.10345651	-0.12488536	0.13469023	0.1129855	-0.036117677
-0.07218822	-0.08112509	0.049972273	-0.12863286	-0.059810456	-0.09198743	-0.11482156	0.11626713	-0.049229532	0.10689014	-0.09103523	-0.09474392	-0.05592272	0.07801098	0.09442249	-0.101731785
-0.018512888	-0.031299993	-0.0007019307	-0.06689655	-0.022946838	-0.0071210745	0.0025927934	0.04891197	-0.047884062	0.0053307605	-0.0344231	-0.021048192	-0.03950244	0.0032248376	0.08494944	-0.04904638
0.10417181	0.17550404	-0.096863165	0.14179933	0.10984131	0.102984995	0.09424644	-0.1710294	0.124161385	-0.18341492	0.17184477	0.14150062	0.12971324	-0.1256584	0.012285107	0.12785938
0.07466405	0.12699099	-0.10895024	0.056582455	0.12766562	0.07131078	0.12458071	-0.06560857	0.069845386	-0.10706681	0.02327392	0.06130648	0.03360274	-0.12392865	0.01779221	0.09738418
-0.5118768	-0.5468675	0.5569369	-0.5474182	-0.4621021	-0.47328517	-0.58474165	0.5227042	-0.547449	0.52390426	-0.5639901	-0.5282408	-0.42930666	0.4980823	0.048645534	-0.47194836
0.014079585	0.07976388	-0.039373953	0.045572292	0.07905898	0.02318827	0.039123256	-0.019515296	-0.009556883	-0.04133671	0.02600611	0.029345825	0.07860241	-0.0008404056	0.11568414	0.023519514
-0.43049234	-0.37048027	0.43880492	-0.3775143	-0.36512172	-0.3406822	-0.3558121	0.35408747	-0.3682247	0.3883938	-0.3672331	-0.40444943	-0.40748325	0.36144873	-0.07055211	-0.34732085
-0.5599814	-0.5768793	0.5627062	-0.5654229	-0.54165137	-0.4774534	-0.51913613	0.4809237	-0.55523753	0.5546757	-0.52157855	-0.5674036	-0.48822516	0.5107904	0.19033965	-0.5595328
-0.5057984	-0.43608323	0.48045707	-0.48830482	-0.4136348	-0.42007503	-0.5499701	0.46570596	-0.52207255	0.463906	-0.52766687	-0.47072133	-0.47386983	0.43682024	0.21956302	-0.43603727
0.5888816	0.52536744	-0.51332116	0.59052646	0.4780089	0.5658473	0.57126725	-0.51825565	0.5935662	-0.5457666	0.5104047	0.55035317	0.5065953	-0.5730869	0.08603926	0.55495816
0.55128	0.5141187	-0.51869255	0.5405892	0.5133188	0.5366779	0.51517534	-0.4981207	0.51535165	-0.5315841	0.5782612	0.56821364	0.49751204	-0.48575044	0.26514515	0.5632872
0.2105446	0.22000834	-0.229396	0.24396197	0.2369974	0.15321583	0.23672287	-0.22975689	0.2053012	-0.18844986	0.23846917	0.15922011	0.17549582	-0.18571611	-0.031179763	0.19462436
0.108358	0.057546638	-0.06300337	0.13965617	0.06065103	0.052241705	0.13096516	-0.09304717	0.07547412	-0.12793732	0.061481398	0.06510014	0.13126197	-0.10780333	0.038041178	0.11389295
0.5984393	0.6190537	-0.6183507	0.65342563	0.5598034	0.58851516	0.6521637	-0.6135317	0.6035166	-0.6238882	0.63817185	0.6229598	0.5526234	-0.5869134	0.09917918	0.6246241
0.08470267	0.06444348	-0.006956769	-0.0072564534	0.010403501	0.06633067	0.03916381	-0.037048236	0.00022483128	0.007887057	0.07338767	-0.0049582226	0.05092222	-0.08247547	-0.0021302134	0.091405004
0.5590767	0.500983	-0.4924788	0.5191195	0.46894017	0.46547136	0.4764016	-0.4876608	0.49895832	-0.44881713	0.54770625	0.48134124	0.45971772	-0.5262727	0.25992772	0.5128473
-0.04588416	-0.034033086	0.081146255	-0.01496716	-0.038219724	-0.05827606	-0.0041803224	0.026570432	-0.077903435	0.017403254	-0.052419484	-0.052994803	-0.031247776	0.084601276	-0.037299592	-0.06993568
-0.22819321	-0.30003673	0.25449538	-0.25504455	-0.22570823	-0.2055369	-0.2957016	0.23319916	-0.30173016	0.23206745	-0.27931005	-0.34061038	-0.28359377	0.30259776	0.12707359	-0.29676938
-0.26330376	-0.23329565	0.32221353	-0.2474661	-0.2684978	-0.20466149	-0.24847996	0.23445019	-0.2871754	0.29649898	-0.2939462	-0.26010203	-0.27193075	0.3347987	0.13611652	-0.25244084
-0.20876907	-0.22105771	0.19575365	-0.21773323	-0.21571916	-0.20067722	-0.22992101	0.21970913	-0.15070264	0.14653952	-0.18798602	-0.22501084	-0.13181594	0.17609783	-0.0086387675	-0.14679699
0.3908515	0.32117322	-0.32299194	0.34024626	0.3347199	0.3731207	0.32341903	-0.36238942	0.33456716	-0.33975148	0.38755596	0.3496766	0.31462407	-0.28636965	0.06528344	0.30875552
-0.056407776	-0.11857386	0.08103702	-0.1054234	-0.09856249	-0.047704216	-0.10072642	0.118120834	-0.09230755	0.06623453	-0.06867718	-0.07343504	-0.12617065	0.09793428	0.16823918	-0.105831586
-0.6067602	-0.5651206	0.55138195	-0.57063	-0.53457195	-0.4912437	-0.5749077	0.55012846	-0.5476314	0.48816198	-0.5605296	-0.5902864	-0.47202966	0.5236108	0.08000253	-0.5334149
0.2744406	0.25910842	-0.20743102	0.23413792	0.16941622	0.19490075	0.23226392	-0.18500921	0.18040837	-0.2077234	0.2732551	0.2150327	0.17077771	-0.21236448	-0.05070255	0.2474031
0.44313368	0.42121807	-0.4440655	0.42119327	0.38216937	0.39093202	0.4499854	-0.36513463	0.4048121	-0.37489206	0.35396707	0.4270354	0.33826786	-0.4179383	0.109815985	0.38599715
-0.19131361	-0.25400847	0.18387917	-0.25405228	-0.19361861	-0.24411218	-0.21760507	0.17552625	-0.17256197	0.16114104	-0.20349747	-0.2369029	-0.21990024	0.18044849	-0.033715326	-0.19837242
-0.24750675	-0.22795464	0.24177128	-0.2171971	-0.20550086	-0.22870885	-0.17922752	0.16342592	-0.23072143	0.2443871	-0.17776251	-0.19742247	-0.23509514	0.21235803	0.1904295	-0.22757295
0.08811679	0.0531266	-0.034151606	0.08698883	0.13302372	0.115786456	0.07109466	-0.11404681	0.00045372656	-0.06527819	0.037044767	0.01843322	0.072818615	-0.025746446	0.15374014	0.04019619
0.56284857	0.6219349	-0.6211672	0.57663614	0.58091533	0.60541713	0.63521975	-0.54646474	0.55495614	-0.5479335	0.55692387	0.59972525	0.56408256	-0.6209086	0.18901841	0.5384657
0.15595047	0.12366329	-0.10313146	0.15224949	0.12694162	0.099850096	0.103950895	-0.11514824	0.11791821	-0.117664725	0.14337611	0.088263	0.10456209	-0.09150169	0.21063852	0.15797819
0.28012305	0.32298663	-0.3174086	0.321618	0.3123586	0.2944039	0.32922962	-0.3301877	0.2917978	-0.2951567	0.2616605	0.23223327	0.2963809	-0.27650496	0.10598419	0.28674635
-0.19711547	-0.12040207	0.15862314	-0.1753075	-0.14341652	-0.15422876	-0.13828301	0.21022844	-0.15705638	0.1850014	-0.21120375	-0.14816807	-0.19125676	0.12283102	-0.07069898	-0.19067445
-0.16720405	-0.16091122	0.22010604	-0.15365909	-0.1465378	-0.17630206	-0.1836295	0.20247105	-0.20714155	0.1985947	-0.14256275	-0.21918936	-0.20592803	0.21087803	-0.049709354	-0.17644097
-0.40994188	-0.39399892	0.36659634	-0.40611532	-0.3472801	-0.3937007	-0.39991707	0.38020977	-0.35790583	0.36768618	-0.31128642	-0.32558966	-0.3080665	0.37751654	-0.06377799	-0.35752502
-0.61144733	-0.6595909	0.662516	-0.62856007	-0.58804405	-0.5824552	-0.6194199	0.63195527	-0.57567537	0.56845194	-0.58775645	-0.64713645	-0.5681163	0.65847003	-0.08676506	-0.57283777
0.5425628	0.5479353	-0.5262401	0.53770167	0.56779146	0.5805126	0.5371948	-0.56977254	0.55590606	-0.5012382	0.51718086	0.57801086	0.5520473	-0.55741656	0.1674983	0.5223485
0.020385608	0.009989677	-0.023580283	0.021774651	0.046837825	0.0031563384	-0.011544503	0.008730885	0.019925179	-0.0112482235	-0.0019181208	0.0007749258	0.010227882	-0.059922904	0.026176231	0.018726205
0.22685143	0.21782628	-0.19822538	0.15748669	0.1580517	0.16409592	0.16799589	-0.17611988	0.22032237	-0.20116472	0.24142718	0.20553058	0.15352097	-0.22682059	0.14135896	0.19465408
-0.08555452	-0.09539393	0.026655126	-0.09506041	-0.028686948	-0.015362332	-0.06576946	0.061976243	-0.02713142	0.0863477	-0.06421816	-0.07195435	-0.036791243	0.0014983255	0.02727229	-0.01492937
0.119014405	0.11696801	-0.16647692	0.18890312	0.12316722	0.15236183	0.18737967	-0.14374422	0.11243319	-0.14407013	0.19838227	0.1420442	0.17117837	-0.09131136	0.09677108	0.15392655
0.40216303	0.4273055	-0.3812956	0.4358275	0.37741718	0.46702817	0.437615	-0.39539948	0.39633533	-0.41633666	0.43727484	0.4704437	0.3550356	-0.43227783	0.17541793	0.39908642
0.60613745	0.5441522	-0.60502404	0.5900569	0.57961154	0.5533644	0.64128846	-0.58249754	0.5309892	-0.557385	0.63121396	0.5327193	0.5098583	-0.5281619	0.14911507	0.5543556
0.110480204	0.1217174	-0.10977119	0.13409415	0.05576645	0.094140366	0.054264385	-0.06416894	0.08613573	-0.035717707	0.13691716	0.095767625	0.044698678	-0.026596798	0.13250118	0.059796482
-0.55858785	-0.5300694	0.583169	-0.5654699	-0.58421576	-0.5497965	-0.5681617	0.57221067	-0.5936766	0.58681756	-0.61406124	-0.5473035	-0.5600303	0.602576	0.013686266	-0.5596161
0.16718902	0.16491272	-0.14596887	0.14103925	0.14702378	0.20797646	0.14771597	-0.1529941	0.13461713	-0.13431662	0.16329081	0.17423427	0.12546591	-0.20226415	0.12006011	0.22454453
-0.016523242	-0.011743148	-0.037259106	0.03678937	0.0013323925	-0.02200621	-0.0022505873	-0.0134422565	0.016823953	0.00858666	0.072671294	0.037332408	-0.023151634	0.03410141	0.119403824	-0.021343833
-0.108846255	-0.1241431	0.16808105	-0.1490809	-0.12553658	-0.14282282	-0.15140884	0.15279311	-0.114117004	0.14224096	-0.13337639	-0.17846876	-0.18408224	0.18873265	0.15695995	-0.19010594
0.45788848	0.41940725	-0.37544897	0.4900992	0.39501008	0.45515522	0.3897792	-0.4491955	0.42941558	-0.38061526	0.39519024	0.4133465	0.37634033	-0.44236282	0.065280154	0.39849466
-0.09600465	-0.024026157	0.08765853	-0.112391315	-0.024227101	-0.042821433	-0.0636424	0.10251374	-0.050948445	0.04235434	-0.08834599	-0.09076627	-0.09333265	0.052826382	0.09788611	-0.109862044
-0.46153873	-0.45743474	0.452045	-0.54889596	-0.4227772	-0.45309034	-0.50693357	0.4846766	-0.5772948	0.4425185	-0.5364691	-0.5522304	-0.47792935	0.4777047	0.044211477	-0.49486145
-0.39738172	-0.3399881	0.37975782	-0.40498677	-0.3383695	-0.29039633	-0.3912314	0.33995208	-0.4751028	0.39941195	-0.40304068	-0.37938315	-0.40016717	0.44523725	0.2005903	-0.38522074
0.100660495	0.14819293	-0.123856716	0.099233165	0.08360946	0.11040675	0.13223782	-0.117731236	0.0605101	-0.04341995	0.13147691	0.07091025	0.06920688	-0.014810258	0.2636003	0.1006941
0.08946112	0.16165334	-0.14522429	0.107780345	0.07681376	0.13419373	0.12921986	-0.09707214	0.09598201	-0.068324335	0.060688667	0.08133553	0.07496512	-0.141043	0.1818162	0.12344806
0.14376146	0.14663307	-0.16257395	0.1785116	0.17489916	0.16241752	0.15927647	-0.15571612	0.09650006	-0.13831443	0.09363976	0.12682979	0.17224482	-0.11941419	0.034947008	0.11128477
-0.44403973	-0.38722748	0.44987586	-0.3631749	-0.38312474	-0.40403458	-0.46100956	0.34191874	-0.4550098	0.36142138	-0.40331993	-0.4871684	-0.36177078	0.48000094	0.13770844	-0.37649506
