-0.10292249	-0.07348597	0.08165652	0.053588353	-0.034053434	0.15694691	0.1464976	0.013013914	0.08963942	0.060974024	0.05711192	0.055865947	0.027935198	-0.07037028	0.0109438775	0.083896324
-0.10225235	-0.07264449	0.06950739	0.046964746	-0.032491613	0.12539284	0.10115274	-0.0140882665	0.0662016	0.08912853	0.0023095205	-0.017811844	0.03151386	-0.097374745	0.024833264	0.08847867
0.09682363	0.2260709	-0.28197426	-0.2146192	-0.24490549	0.32753223	-0.12846772	-0.24408665	-0.2159881	0.308149	0.2727762	-0.2770244	0.20234956	-0.3360389	0.08300471	0.35320508
-0.078978114	-0.005042649	-0.0016148585	-0.0054079746	-0.04291352	0.20089652	0.0068740323	0.041975636	0.011099325	0.062116563	0.039035592	-0.007223693	0.019863226	-0.12684785	-0.07126569	0.13856465
-0.17606975	-0.1018316	0.14221585	0.07320056	0.083775416	0.07811586	0.13538356	0.07854316	0.09387611	0.0031126086	-0.045864575	0.08604294	-0.10269003	-0.034673166	0.03434396	0.043100357
-0.14209184	-0.045190115	0.056270905	0.0053660735	-0.0035895037	0.09360868	0.1246801	0.030959576	0.07260398	0.045524362	0.039277203	0.03891792	-0.05238905	-0.040386107	0.14069843	0.049396794
0.060908195	0.13049653	-0.13413365	-0.1738632	-0.2057947	0.22237241	-0.14400582	-0.14765768	-0.14810649	0.2220098	0.16381556	-0.13545163	0.11422781	-0.22672512	-0.00740539	0.24233279
-0.15063296	-0.11269627	0.10784965	0.06627916	0.015463315	0.07640576	0.088879995	0.070110634	0.14037164	-0.06266324	0.0049706954	0.13046038	-0.045657843	0.023237659	0.04889085	0.03657129
-0.097028196	-0.07939909	0.10628601	0.080604225	-0.013468348	0.061952274	0.05716732	0.005773338	0.00930974	-0.015216326	0.04123999	0.078314506	-0.037362058	-0.031853687	0.11441004	0.020078922
-0.19371022	-0.124380656	0.13108581	0.084984116	0.08274284	0.02150596	0.10061258	0.10130604	0.112924255	-0.09169946	-0.028644977	0.086810976	-0.15329824	-0.023957467	0.13585284	-0.052900128
-0.10841564	-0.07707622	0.040770303	-0.0037474944	0.03115296	0.05105046	0.08127439	0.06948592	0.04037374	0.008580633	-0.024462627	0.064763196	0.002459451	-0.10496013	-0.069020495	0.10530905
0.027867328	-0.009611956	-0.05035038	-0.11594989	-0.08290307	0.13501646	-0.07816264	-0.09136129	-0.10514009	0.07240953	0.10742705	-0.060421746	0.038241107	-0.11027561	-0.05346724	0.1701228
-0.10382045	-0.037504554	0.07879578	-0.00442034	-0.0023607996	0.11405982	0.13188955	0.01486793	-0.00673258	0.04136262	0.012614377	0.024113858	-0.062220912	-0.11444477	0.11369848	0.072197415
-0.89359766	-0.85962516	0.95105535	0.8528744	0.85000134	-0.7380314	0.90530413	0.876068	0.9028794	-0.8040664	-0.78470147	0.92588675	-0.84883636	0.7519047	0.67692596	-0.7929567
-0.07152299	-0.06667647	0.062353168	0.04557566	0.031596974	0.035297602	0.012567988	0.016299926	0.020151598	-0.027571954	-0.00451753	0.067414224	-0.066441566	-0.09690724	0.09517996	0.06809034
-0.069567814	-0.11009214	0.110895805	-0.0019958846	0.03794944	0.017318143	0.13290848	0.04978017	0.029330477	-0.045376655	0.011877818	0.031152686	-0.08379082	-0.052484453	0.08062496	0.049676575
0.15789993	0.20983617	-0.18871136	-0.14578596	-0.22980055	0.256369	-0.20341486	-0.1981169	-0.22406021	0.18009149	0.22191635	-0.1509205	0.16199765	-0.17405565	0.07621803	0.19905196
0.13234527	0.2067424	-0.15810148	-0.21644656	-0.20044051	0.14436382	-0.18620841	-0.14027199	-0.16435067	0.15065074	0.1934792	-0.18526386	0.19651365	-0.15444587	-0.039070282	0.18368095
1.1265461	1.2256849	-1.3327874	-1.1588916	-1.2105736	1.0494263	-1.1165432	-1.1256392	-1.2360717	1.1517557	1.0374154	-1.2524738	1.2277224	-1.1386231	-1.0194458	1.16717
0.78344744	0.7890375	-0.87618744	-0.7302627	-0.79557025	0.7703513	-0.7110641	-0.81313854	-0.7908561	0.7256761	0.7264272	-0.838094	0.75701255	-0.74127233	-0.5309993	0.7978291
-0.04715261	-0.032428753	-0.0632298	-0.08952101	-0.058364417	0.08578322	-0.016799903	0.018247178	-0.016776627	0.03842015	0.09933626	-0.030834073	0.057304017	-0.047811236	0.051502228	0.120580465
-0.21811008	-0.1948392	0.15382718	0.17243312	0.18096092	-0.039222103	0.2551254	0.19594969	0.14793542	-0.14965583	-0.114099294	0.21706764	-0.14814727	0.03747123	0.02118072	-0.030751552
0.13265266	0.070117265	-0.13382803	-0.13637002	-0.14962325	0.23454438	-0.093254685	-0.14424556	-0.14123015	0.1349031	0.18461126	-0.11658876	0.13815452	-0.22067894	-0.06685747	0.2335729
0.13123041	0.12905557	-0.10688918	-0.12201542	-0.11116853	0.19083107	-0.07678024	-0.1103086	-0.09263731	0.10043109	0.14310208	-0.15933274	0.19868787	-0.14249451	-0.22873668	0.14878647
0.08015423	0.014436766	-0.12460547	-0.13478114	-0.11579016	0.14639641	-0.06846079	-0.056833576	-0.04492703	0.07663883	0.091633774	-0.08707663	0.14179276	-0.17958188	-0.119609825	0.1041899
0.21323684	0.20755422	-0.25705472	-0.19980483	-0.2211277	0.2152653	-0.17662932	-0.17671075	-0.18068257	0.240239	0.1454678	-0.20838274	0.15296423	-0.20242548	-0.20090856	0.21175069
-0.012531428	-0.02350408	-0.03386433	-0.09095465	-0.008526764	0.1091134	0.023375835	-0.060596965	0.0028309093	0.08099369	0.03760629	-0.010439585	0.04827962	-0.09750192	-0.059573323	0.10979515
0.14517903	0.1316382	-0.14659198	-0.121235676	-0.18075538	0.20052786	-0.10537965	-0.12216871	-0.15444328	0.20066403	0.15320285	-0.1250233	0.16323635	-0.18168743	-0.052558243	0.19650564
-0.12204584	-0.039738316	0.014425533	0.022262283	0.029989433	0.016384399	0.09456513	0.07503354	0.05479952	-0.051725954	0.005338936	0.10258654	-0.050848637	0.0045107184	0.08895077	0.028636096
-0.1708312	-0.15519568	0.12027213	0.09784538	0.09398061	-0.06432344	0.0813375	0.08008737	0.1217465	-0.048611607	-0.033595823	0.09720155	-0.13419719	0.078132235	0.13153745	-0.057762787
-0.012244392	-0.0065658097	0.0065760114	-0.040882703	-0.030015774	-0.012706713	0.017926255	-0.024696326	-0.033332385	0.011094414	0.036054887	-0.008992015	0.06911392	-0.033599187	-0.14156345	-0.007903482
-0.30939767	-0.22728857	0.21846537	0.24203612	0.20984185	-0.17530659	0.24358724	0.17917001	0.21362051	-0.19179286	-0.14701736	0.22484635	-0.26328233	0.13544048	0.22671062	-0.13746698
0.22857927	0.24732052	-0.2212418	-0.18302053	-0.20286642	0.25103515	-0.16363177	-0.20079514	-0.2764698	0.24434294	0.256532	-0.22630064	0.2013752	-0.25622323	-0.21878372	0.22658911
0.20616166	0.19561222	-0.24748148	-0.24210398	-0.24232332	0.24786165	-0.15914088	-0.22814299	-0.20940919	0.23732507	0.17801662	-0.2615135	0.23778656	-0.25655815	-0.12533052	0.28163242
0.19718207	0.25726134	-0.2585289	-0.3222531	-0.3170643	0.28285286	-0.22591396	-0.23698094	-0.29212505	0.30991265	0.25073573	-0.25491977	0.3245765	-0.3449557	-0.23809779	0.27393344
0.036596924	0.044977117	-0.126619	-0.09192974	-0.09947723	0.15880015	-0.062290497	-0.05054342	-0.112313524	0.09481887	0.1426162	-0.027808528	0.117953144	-0.12820993	0.014751434	0.07992955
0.05244967	0.044690736	-0.07478369	-0.09036887	-0.14600521	0.18187699	-0.11090326	-0.10974646	-0.15791024	0.16017321	0.14218946	-0.10866489	0.088748485	-0.15496586	-0.11125125	0.156962
-0.10299856	-0.05832869	0.077891275	-0.004161129	0.028981855	0.037907515	0.12588356	0.072370306	0.07478319	-0.017328119	-0.0057488293	0.023835499	-0.10079733	-0.023230445	0.15880363	-0.015219184
0.0576843	0.039553925	-0.106345505	-0.14126122	-0.12648785	0.16174701	-0.04387467	-0.10698133	-0.07768198	0.13647191	0.09450884	-0.07766169	0.113974564	-0.1628486	-0.07921722	0.12391403
-0.42396545	-0.40593362	0.41590723	0.30273834	0.38900527	-0.23076278	0.40464988	0.31546867	0.33734712	-0.3611477	-0.27476665	0.3444252	-0.33743802	0.32272723	0.3118355	-0.27013814
-0.1639022	-0.047277305	0.11313615	0.08587248	0.06537754	0.031000588	0.125632	0.078753665	0.045967743	-0.07279826	0.0025449444	0.06475521	-0.08644455	0.035715956	0.023246108	0.016711254
0.49423733	0.55627745	-0.61682904	-0.4949327	-0.51891303	0.4929614	-0.45627716	-0.5582459	-0.5799564	0.55432105	0.5112139	-0.53678447	0.52449876	-0.51305115	-0.3391113	0.50318044
0.009501754	0.06142202	-0.049765784	-0.055489227	-0.113851525	0.12681736	-0.030099383	-0.11757084	-0.12083288	0.075505346	0.10362944	-0.04130137	0.09013759	-0.07162047	-0.06619139	0.16789691
-0.0032636346	0.041091967	-0.0457287	-0.08134123	-0.12920417	0.17247383	-0.06581323	-0.059784215	-0.104240924	0.12951563	0.08822967	-0.0961411	0.11359496	-0.11736508	-0.10921816	0.17754485
-0.068139225	-0.08375762	0.027218737	0.030070003	0.014732053	-0.019364348	0.04006823	0.002416081	0.04041442	-0.033015154	-9.766522e-05	0.049128413	-0.0008726518	0.023236264	-0.011370397	-0.050065894
-0.27878425	-0.30297562	0.28223193	0.1997643	0.25579748	-0.18546757	0.25029972	0.27544302	0.24844144	-0.20493166	-0.23920816	0.29732305	-0.26919535	0.17167962	0.10112899	-0.1982671
0.03956908	0.047895674	-0.037912093	-0.0021849861	-0.022493733	0.11747235	-0.03744108	-0.051012162	-0.10975235	0.017859325	0.037083786	-0.12239688	0.013496784	-0.061639156	0.06743922	0.075497076
0.9869954	1.0422328	-1.1581339	-1.008833	-1.0419292	0.95970166	-0.9722711	-1.0124748	-1.0200634	0.9832556	0.8512813	-1.0493101	1.0068221	-0.94770133	-0.85784936	0.9271188
-0.20620772	-0.27417973	0.25681704	0.16898301	0.171891	-0.11979913	0.2276366	0.21774934	0.21263932	-0.2027238	-0.20101525	0.25243336	-0.18449526	0.13704887	0.25095454	-0.12943046
0.11242509	0.20798412	-0.2022814	-0.13858531	-0.13350226	0.22239974	-0.11504237	-0.1570025	-0.1811338	0.16801187	0.12764421	-0.20393394	0.19635227	-0.21009064	-0.050886784	0.18720521
-0.6405228	-0.639376	0.63522375	0.5608494	0.5318914	-0.53291774	0.61016345	0.5298933	0.6341644	-0.5410003	-0.5420573	0.5664883	-0.5312587	0.45184964	0.46580294	-0.5304273
0.118047774	0.085389495	-0.15419151	-0.16134924	-0.16479285	0.21626085	-0.16562916	-0.1877845	-0.17455818	0.12939067	0.14311038	-0.19221975	0.18137541	-0.1805341	-0.0022526162	0.19674276
0.0849109	0.031208051	-0.09698203	-0.087328956	-0.11486737	0.07544361	-0.0800412	-0.11389276	-0.112914205	0.08850181	0.13757129	-0.09956615	0.063335456	-0.15057115	-0.044425644	0.07407812
-0.23448624	-0.21270517	0.2219208	0.1444904	0.1911356	-0.18878788	0.13415124	0.19433323	0.1761835	-0.092099965	-0.12943354	0.1970531	-0.2060886	0.10752977	0.20672609	-0.16876514
0.8152846	0.835747	-0.91392195	-0.8657563	-0.87157667	0.7548562	-0.839584	-0.8993808	-0.87181824	0.7765649	0.7914855	-0.8757586	0.8358945	-0.838604	-0.7513332	0.8373779
-0.03480592	0.026963187	0.03354004	-0.054098032	-0.07619318	0.10979544	0.04380192	0.0035389836	-0.00018555945	-0.0010322959	0.03220304	-0.007249489	0.079789385	-0.11842634	-0.10207459	0.10349802
-0.090068705	-0.09785502	0.07930244	0.06524597	0.080492534	0.049372632	0.06495153	0.012233136	0.03000162	-0.03179569	-0.0098278755	0.037609052	-0.044541437	0.012506525	-0.023917168	0.043917667
0.06208281	0.10698385	-0.07284958	-0.072711445	-0.15848301	0.16677117	-0.03767634	-0.04338353	-0.07210508	0.12839343	0.06773358	-0.07865141	0.040883977	-0.13974705	-0.026290542	0.14752026
0.30558255	0.2740607	-0.34108856	-0.3421937	-0.2825023	0.32619944	-0.25736988	-0.27393022	-0.29156604	0.3202726	0.27913636	-0.26389197	0.2629869	-0.29612672	-0.27042052	0.3124431
-0.13952991	-0.14205156	0.12130631	0.056032397	0.059468042	-0.0011194405	0.077701055	0.05219926	0.12494583	-0.025517311	-0.02649718	0.055217024	-0.06755825	0.11053451	0.0632446	-0.06036283
-0.07962932	-0.054415777	0.059320852	0.038987987	0.0535215	-0.061898712	0.12625255	0.03416728	0.029544646	-0.037745476	-0.009621168	0.11578033	-0.08729749	0.00043351698	0.1473831	-0.034931287
-0.08596991	-0.10942192	0.06288159	0.022416875	0.051258676	-0.0018364583	0.10196011	0.09535953	0.110201575	-0.054512013	0.008191374	0.10283982	0.0049569216	0.02234682	0.016197449	-0.029534366
-0.24424998	-0.25366464	0.27132806	0.16587195	0.15578425	-0.22356422	0.14283964	0.15072565	0.20529313	-0.26288998	-0.20620869	0.24015595	-0.22818588	0.23588426	0.09804923	-0.23051906
-0.38833448	-0.3451594	0.34886658	0.34896725	0.37216088	-0.27108827	0.40654683	0.30739036	0.3902589	-0.3126113	-0.3265908	0.31463102	-0.34566715	0.22808628	0.34469095	-0.2834451
-0.17158201	-0.21883641	0.20095257	0.1877045	0.18447272	-0.09603594	0.26672345	0.20205891	0.16919735	-0.16359697	-0.16941021	0.20994177	-0.17735547	0.086607754	0.070693895	-0.12162957
0.122329086	0.106287226	-0.22240393	-0.12249098	-0.19415604	0.28284222	-0.11343184	-0.14343506	-0.19820268	0.24323887	0.21352994	-0.12842907	0.122029565	-0.25331238	-0.10641965	0.18727495
-0.44974566	-0.40263584	0.43434167	0.3502753	0.3465247	-0.24181207	0.41719893	0.37885016	0.3897157	-0.3643026	-0.29363692	0.3769642	-0.36336243	0.28542945	0.29832217	-0.26342216
-0.494643	-0.46363595	0.48444036	0.41264394	0.47760916	-0.4268725	0.5074039	0.43344134	0.5394669	-0.42426082	-0.4549622	0.5437705	-0.4486978	0.4266419	0.43884695	-0.39301473
-0.28490096	-0.34839535	0.26450562	0.20688047	0.21213235	-0.17169751	0.28035712	0.2623911	0.29406455	-0.27427894	-0.26604494	0.30017585	-0.2614242	0.2497249	0.14461471	-0.24608472
0.4689031	0.4618807	-0.50690466	-0.5329938	-0.48625925	0.43512115	-0.44687995	-0.43114546	-0.44789293	0.44672614	0.45563138	-0.5176505	0.5027394	-0.4429406	-0.4836882	0.4406314
0.21074164	0.22777356	-0.28148022	-0.22454484	-0.18746841	0.26557338	-0.24997057	-0.19289444	-0.18056314	0.20872639	0.24842149	-0.21148506	0.25928777	-0.27067137	-0.11827952	0.22393185
-0.04480466	-0.1022446	0.090050496	0.033435974	0.08400458	-0.029919745	0.0988195	0.08509822	0.059573848	0.034235906	-0.022458391	0.0356272	0.036001373	0.053729713	0.0016357934	0.05254847
0.8659393	0.9040029	-1.0622346	-0.920165	-0.9251151	0.8400723	-0.83942974	-0.8880882	-0.8914186	0.88246906	0.83956736	-1.0098385	0.8981772	-0.8877347	-0.70778346	0.8605003
-0.11354854	-0.11466635	0.11676358	0.071725525	0.15716128	-0.08470715	0.15739748	0.07278969	0.13002643	-0.090309486	-0.13758127	0.17588505	-0.11431673	0.086677894	0.1509727	-0.10558865
-0.113683335	-0.095535785	0.101904936	0.07256038	0.018766636	0.021182772	0.09179322	0.078209385	0.08566806	-0.020277523	-0.0058742138	0.03899463	-0.08069328	0.0022713058	0.0789074	-0.02112817
0.87647516	0.92245466	-0.9907107	-0.8252284	-0.86178184	0.80141836	-0.89951396	-0.8924061	-0.8625273	0.8511211	0.78121006	-0.98020494	0.90235674	-0.7851513	-0.6696514	0.8346397
-0.094774134	-0.046256837	0.038102638	0.03278562	0.036784474	0.051430367	0.050009508	0.06266506	0.08715617	0.031501185	-0.019829512	0.09762854	0.012332429	0.0384355	0.0032764543	-0.016593447
-0.21086718	-0.2240869	0.23953511	0.22626878	0.20247857	-0.09081439	0.17661959	0.2329593	0.21045566	-0.12434074	-0.18611598	0.22925176	-0.13526006	0.07965367	0.14276002	-0.101855606
-0.41140273	-0.39366588	0.44661885	0.33707613	0.42198807	-0.3737532	0.4717956	0.43359765	0.3793849	-0.3837206	-0.39656162	0.44253132	-0.4541642	0.3232759	0.30888918	-0.3368538
0.5584573	0.4963791	-0.59282154	-0.55228204	-0.51253027	0.56048954	-0.49516168	-0.490623	-0.5681643	0.47905254	0.5225358	-0.5398807	0.49466866	-0.48746467	-0.4820665	0.54334927
-0.16197424	-0.11938713	0.15680234	0.09811772	0.123784	-0.093407154	0.12093917	0.14407803	0.1295997	-0.074194066	-0.110251136	0.19645898	-0.17824195	0.07530814	0.07667988	-0.065254286
0.18510292	0.20135994	-0.19059631	-0.17948125	-0.19095437	0.16953509	-0.1939053	-0.20030284	-0.20552514	0.15394886	0.1732308	-0.23504771	0.20216483	-0.17902364	-0.16815275	0.17736301
-0.28371668	-0.2736607	0.3065483	0.2686734	0.25861034	-0.17975397	0.29013184	0.3041324	0.26320922	-0.150648	-0.21341516	0.3034259	-0.22827798	0.15146393	0.09291544	-0.14763853
-0.060863163	-0.00015610395	-0.020290859	-0.019863393	-0.012823538	0.058696445	0.034480922	-0.024489984	-0.017076785	0.03532049	0.027922718	-0.014761279	-0.020947825	-0.08449847	-0.043669038	0.093992315
-0.048352577	-0.06179576	0.009877469	-0.030625356	0.052179486	0.004730286	0.06536604	0.025792276	0.02151098	0.005815919	0.043302316	0.00033598265	0.013346353	-0.0076183835	0.0068082735	0.002765155
-0.5961211	-0.54965705	0.6160719	0.5342287	0.57049245	-0.42336175	0.58633995	0.55896145	0.622093	-0.53466463	-0.4509866	0.59324056	-0.53001106	0.461555	0.4466364	-0.4805666
-0.3143859	-0.30977407	0.32262525	0.28370133	0.26901397	-0.23808916	0.22848512	0.29775193	0.24545926	-0.26717523	-0.18237771	0.28045893	-0.24152999	0.22313271	0.23912536	-0.21582867
0.9431981	1.0137839	-1.0905883	-0.9367921	-1.0065427	0.9416747	-0.9598544	-1.0047177	-1.0492333	0.962669	0.9065331	-0.99933153	0.9792142	-0.8859891	-0.85061455	0.90293556
0.47843724	0.526554	-0.49650532	-0.52778673	-0.48477557	0.55044085	-0.44728753	-0.5241955	-0.5128347	0.53568655	0.52691716	-0.56163603	0.4278088	-0.50416726	-0.27059677	0.4960816
0.053238507	0.06326253	-0.08867295	-0.08151014	-0.16146962	0.14387667	-0.09284615	-0.15764065	-0.16816118	0.17789805	0.13155441	-0.12669909	0.1448906	-0.1979761	-0.01890934	0.17942177
-0.11177931	-0.1706537	0.14868753	0.1404693	0.12243059	-0.1784066	0.102601565	0.15157643	0.16146623	-0.20315954	-0.15171622	0.08981664	-0.1353676	0.18241954	0.015847232	-0.14338888
0.16719553	0.112128966	-0.17488952	-0.15429083	-0.10137339	0.1008163	-0.15799563	-0.15227188	-0.14090961	0.108494155	0.08502505	-0.15017985	0.12304696	-0.10148098	-0.13940482	0.11095046
0.015886432	0.009062145	-0.035646796	-0.08931406	-0.117551014	0.12829737	-0.092601515	-0.05200581	-0.09916738	0.122014254	0.11065597	-0.04693353	0.09691716	-0.10253179	-0.008163609	0.09990864
-0.2995655	-0.29235977	0.33249292	0.23978575	0.2365554	-0.24932693	0.2762731	0.25825778	0.32680005	-0.29542172	-0.26819053	0.28098747	-0.33385277	0.26688135	0.24152897	-0.29717827
-0.14032823	-0.103491716	0.1395836	0.088069014	0.11083016	-0.0672454	0.12809603	0.13081077	0.076063626	-0.06054855	-0.072372936	0.10905255	-0.042570412	0.031274978	0.08060757	-0.105807915
0.49903786	0.5132289	-0.51046956	-0.53435564	-0.49828267	0.46415147	-0.41488096	-0.48763695	-0.48413664	0.46287316	0.46980032	-0.5381907	0.45280525	-0.5484845	-0.38448495	0.48082596
-0.06568599	-0.13788506	0.10630537	0.05589174	0.037477154	-0.061036468	0.11615464	0.077082	0.11505301	-0.0644276	-0.039341714	0.14948837	-0.08861143	0.09992071	0.06603572	-0.05527154
0.11410975	0.12219965	-0.17375095	-0.1743239	-0.14815663	0.25455797	-0.10018677	-0.14553139	-0.15743977	0.2023751	0.22321998	-0.205944	0.2243715	-0.17436329	-0.1582398	0.24632533
0.25093448	0.1684795	-0.22617182	-0.1915221	-0.23253891	0.1662214	-0.18328995	-0.1835931	-0.23165657	0.1762519	0.20543297	-0.25875095	0.1922526	-0.23650256	-0.25055525	0.27235526
-0.04041906	-0.10038142	0.034676816	0.02000296	0.021791346	-0.0020941326	0.059147872	0.02312293	0.033283677	-0.006274528	-0.093215235	0.076220214	-0.08367716	0.057256088	-0.032270335	-0.009915907
0.14566725	0.0841931	-0.09299933	-0.12853932	-0.1080049	0.08737864	-0.12443259	-0.15578021	-0.13404223	0.13103807	0.15880959	-0.16674984	0.08282078	-0.1385136	-0.1073121	0.1478426
0.19174889	0.19915734	-0.26421213	-0.25216523	-0.16396193	0.25772518	-0.2225242	-0.17311086	-0.17874204	0.24359006	0.22230883	-0.16977663	0.22854951	-0.24893512	-0.19009456	0.25696626
-0.08230533	-0.0819193	0.13669783	0.085436285	0.05462316	-0.077270165	0.050700642	0.091174975	0.11826196	-0.06307816	-0.08440971	0.09874684	-0.082203485	0.02211921	-0.0016304285	-0.04284992
-0.06403603	-0.03118955	0.043300267	0.040994562	0.054843895	0.009124703	0.08879878	0.02125676	0.034186993	-0.042996667	0.0029997057	0.013588852	-0.043809105	-0.003778812	0.02883491	0.037174698
-0.51596385	-0.51344323	0.5541152	0.43645003	0.4221546	-0.382597	0.527208	0.5159669	0.45134386	-0.39343798	-0.38571727	0.54751927	-0.46772346	0.40681714	0.36606815	-0.40260994
-0.1479867	-0.117420375	0.17835653	0.14717089	0.17659779	-0.05816267	0.14690264	0.12664665	0.1845505	-0.09097088	-0.073069975	0.17302592	-0.116455674	0.04198671	0.17409271	-0.095607296
-0.21699736	-0.19161366	0.2170331	0.19989277	0.15922102	-0.14820419	0.2434184	0.21668345	0.20386733	-0.15721193	-0.19637589	0.21609946	-0.23395191	0.124445595	0.1972358	-0.11271979
-0.03677171	-0.009405134	-0.0052210856	0.025337849	0.038058635	0.08371196	0.013057518	0.05478681	0.027953085	0.016976243	0.0057825637	0.016881473	-0.078773275	-0.011903929	0.06348935	0.043862548
-0.101424664	-0.12733309	0.05198278	0.06890244	0.03139395	-0.040233012	0.107338615	0.03580175	0.036780257	-0.024658443	-0.10589058	0.0785636	-0.08083808	0.055685453	0.027984707	0.0010383789
0.082363844	-0.006073982	-0.030024808	-0.041355714	-0.0716781	0.09909566	-0.03896277	-0.059210025	-0.0014606453	0.1016526	0.02292733	-0.111447036	0.03780333	-0.05505615	-0.040288508	0.07281958
0.20848013	0.18189618	-0.26844838	-0.24044165	-0.22656935	0.22515601	-0.1435685	-0.26055557	-0.20823379	0.21077378	0.2362181	-0.2325237	0.20572014	-0.28149104	-0.09352258	0.24167073
-0.96571004	-0.909103	1.0363637	0.9032999	0.91472435	-0.8634191	0.96128106	0.93152344	0.95199054	-0.91029024	-0.8907482	1.0033402	-0.97790146	0.8328634	0.86081487	-0.8827546
-0.2315765	-0.23451512	0.23250307	0.19194105	0.20657927	-0.14999194	0.25545305	0.23466374	0.20734218	-0.14632307	-0.14570194	0.24186611	-0.25966173	0.19652149	0.15692873	-0.20919591
-0.034407932	-0.06993156	-0.0061942535	0.061106138	0.044504423	0.02508025	0.046772677	0.0060370187	0.013124937	0.03218306	0.02545599	0.017597655	-0.021089543	-0.034317918	0.065086685	0.088980384
-0.8655023	-0.8931107	0.9814053	0.81458974	0.8970845	-0.8276136	0.8632284	0.83229595	0.90462214	-0.8693086	-0.80771637	0.93760914	-0.87920594	0.8032237	0.78202015	-0.7965439
-0.17415948	-0.16535462	0.23521882	0.15840796	0.19613035	-0.110090084	0.24306305	0.14069967	0.14962281	-0.114170834	-0.12794448	0.13693975	-0.19431975	0.13300124	0.14744733	-0.1062218
-0.024021253	-0.089402534	0.08168827	0.025925558	0.045935392	-0.041232992	0.052951932	0.034280866	0.055676535	-0.022719078	-0.031099405	0.07086951	-0.050265595	0.039071113	0.058991823	-0.07221433
-0.10308093	-0.05891112	0.07084829	-0.004396601	0.030638056	0.059032135	0.08185283	0.056257002	0.041125093	-0.00451431	0.004824187	0.043477654	-0.016263304	-0.064718015	0.07560579	0.06733634
-0.742178	-0.74378616	0.7325956	0.7364345	0.71067727	-0.66547656	0.67730373	0.69510067	0.7135953	-0.6560442	-0.6402197	0.7537365	-0.68960446	0.59294456	0.61664075	-0.65547806
0.19131741	0.17997994	-0.18854764	-0.10493702	-0.13155302	0.09874198	-0.1184831	-0.18300715	-0.1769062	0.15151532	0.15120058	-0.16870688	0.116121024	-0.15181528	-0.07841202	0.12563147
-0.5650948	-0.6537321	0.70711774	0.6025881	0.5890593	-0.58361953	0.6090507	0.62051445	0.6541966	-0.60846055	-0.6029981	0.6011401	-0.55337936	0.6072286	0.53739345	-0.56158596
-0.07683161	-0.05517971	0.106696576	0.015980639	0.05501205	0.020801445	0.07801909	0.09520608	0.06331016	-0.038378533	0.008862818	0.052946508	-0.099809475	0.03407165	0.065094806	-0.050169054
0.08491698	0.12445392	-0.108954206	-0.13411587	-0.14981146	0.12265582	-0.06084691	-0.07360222	-0.05401433	0.072859	0.056738377	-0.12787026	0.13499804	-0.11769321	0.01690701	0.12757242
0.9927241	0.99781764	-1.0653645	-0.98897	-0.9582383	0.8687873	-0.8806019	-0.9561067	-0.9939847	0.925942	0.86091244	-1.0410161	1.0402393	-0.8704264	-0.80219394	0.87819654
-0.8638826	-0.917209	0.9120943	0.8780626	0.8246695	-0.76357657	0.79248077	0.78990173	0.9001025	-0.7507705	-0.7138244	0.9172488	-0.8595821	0.78323406	0.7836578	-0.7210113
-0.20643996	-0.13278659	0.1621657	0.17569132	0.17450406	-0.04487558	0.19520941	0.12019858	0.123988315	-0.14052509	-0.11354796	0.21661797	-0.09662359	0.09074259	0.120354526	-0.07234514
-0.35169291	-0.33038813	0.37265262	0.29884025	0.33565158	-0.28602234	0.32673106	0.37511873	0.3364457	-0.31121626	-0.25891283	0.38921034	-0.3998317	0.23567949	0.32057908	-0.2726536
0.6779199	0.6457933	-0.7262047	-0.70135164	-0.6529855	0.59735703	-0.61229175	-0.6865002	-0.720221	0.6357613	0.58204395	-0.745604	0.6619819	-0.63519603	-0.51938736	0.63916314
-0.42877924	-0.41711074	0.4865112	0.39590555	0.46931386	-0.3916339	0.42245254	0.46042192	0.48058847	-0.41979182	-0.4418318	0.43719536	-0.45574015	0.45836222	0.3379583	-0.4745213
-0.37443227	-0.33885434	0.42898062	0.35553834	0.37840745	-0.37789342	0.36884555	0.37075672	0.3481018	-0.30315208	-0.34980017	0.38557217	-0.34899053	0.39058816	0.22106715	-0.336303
0.031049198	0.103160396	-0.11255688	-0.036063615	-0.068333395	0.08611356	-0.106582776	-0.11509098	-0.10339136	0.052732106	0.06560018	-0.071857646	0.087702386	-0.08869878	-0.13812983	0.078727886
0.18327709	0.23321694	-0.27244687	-0.27491868	-0.3014886	0.28358555	-0.19138099	-0.28699195	-0.29293376	0.21746236	0.24086541	-0.24832064	0.20254326	-0.28921482	-0.2737354	0.27876607
0.1597863	0.20548531	-0.26187727	-0.22989526	-0.19683425	0.1808297	-0.1802761	-0.23266189	-0.16695552	0.19064353	0.20227817	-0.2640206	0.20016189	-0.17194836	-0.12322081	0.18853645
-0.10040203	-0.08362463	0.05526269	0.07971007	0.008953018	-0.000630614	0.033817343	0.11086611	0.026992178	-0.013224103	-0.014162677	0.072177775	-0.06257371	-0.001700051	0.12034451	-0.06946357
-0.08447972	-0.051563952	0.030652588	0.022778478	0.021029243	0.0036174515	0.028717209	0.036051553	0.018330222	-0.015410493	0.009907977	0.04283014	-0.011832286	-0.07727308	0.06307451	0.062713146
0.42398056	0.4227271	-0.52912766	-0.43168235	-0.48561093	0.45513085	-0.3801065	-0.4817473	-0.45322743	0.43840075	0.39500403	-0.43464693	0.48103672	-0.4431432	-0.3344202	0.48587668
-0.032339852	0.058162495	0.0018384646	-0.070400745	-0.073871695	0.09853186	-0.043807674	-0.009705925	-0.06477095	0.026942862	0.024076357	-0.048254106	0.031631257	-0.08901173	-0.059337012	0.027880063
-0.36049128	-0.36124688	0.41098452	0.30757046	0.33669236	-0.3306515	0.3806691	0.31657243	0.33353797	-0.29023203	-0.26924667	0.36121672	-0.34687564	0.31464708	0.2865916	-0.337665
0.2526467	0.31054163	-0.33892468	-0.2718149	-0.25331405	0.27902022	-0.24363154	-0.31240124	-0.32650375	0.30114707	0.29376096	-0.29973638	0.32955912	-0.28142145	-0.3284323	0.28579578
0.22094683	0.18381768	-0.15887971	-0.19930877	-0.16683309	0.1506227	-0.14446878	-0.15162054	-0.21523212	0.17996685	0.20890304	-0.2097143	0.20304182	-0.16441715	-0.16918409	0.1750066
-0.8342378	-0.821519	0.8835299	0.85325927	0.85155296	-0.7515026	0.77297735	0.82747006	0.85297483	-0.7527418	-0.737222	0.9332861	-0.85353893	0.7319649	0.74030524	-0.7494586
0.4862795	0.4965683	-0.51052654	-0.5353853	-0.545651	0.44831097	-0.4985985	-0.46408486	-0.5041619	0.47649267	0.44557494	-0.5352133	0.49274695	-0.4992	-0.4192675	0.47612637
0.1935347	0.24084799	-0.22588027	-0.18293083	-0.2354153	0.18328233	-0.20503029	-0.16492711	-0.21916735	0.21717973	0.15927958	-0.21869041	0.1798677	-0.19442515	-0.10572169	0.20526674
-0.95388776	-1.0344887	1.0432664	0.9420463	0.9311479	-0.8826044	0.94359434	0.98647237	0.94964826	-0.93396455	-0.91965336	1.0321906	-1.0473388	0.88005286	0.88178635	-0.960533
0.25497234	0.23910029	-0.27349257	-0.2778671	-0.23722745	0.24274589	-0.24398841	-0.2573543	-0.2558596	0.2153406	0.19629014	-0.24131364	0.21196155	-0.28277138	-0.123699605	0.23078708
0.61208904	0.6399548	-0.6718883	-0.627976	-0.63459665	0.5949575	-0.60791546	-0.66512984	-0.5908702	0.5726547	0.51264733	-0.6970964	0.6526013	-0.54889095	-0.5269095	0.61941147
-0.11807231	-0.056834854	0.05567216	0.046094544	0.07465424	-0.07991309	0.093488246	0.11316387	0.119847916	-0.0924188	-0.04158103	0.05559345	-0.07941025	0.040934376	0.09379542	-0.064686075
0.27579248	0.31623763	-0.36005676	-0.3163333	-0.3114625	0.30119634	-0.30179557	-0.29328457	-0.2814883	0.33465177	0.25610942	-0.27985924	0.32689586	-0.2873517	-0.25062624	0.35105202
-0.027222537	-0.020116277	0.00072301715	-0.037340537	-0.024653891	-0.070214085	-0.022416824	0.04987427	0.012605816	0.02543348	-0.03242361	0.039677233	-0.025563788	0.019786052	0.003291673	-0.039448526
-0.09180466	-0.06184946	0.11942467	0.033557057	0.09966607	-0.06370373	0.0695698	0.0351452	0.10934806	-0.081744775	-0.06826306	0.04308716	-0.10616364	0.056434557	0.054535966	-0.07427866
0.3164801	0.32052374	-0.30666116	-0.3106071	-0.27312768	0.30701393	-0.33432806	-0.27165452	-0.2973227	0.2658036	0.3295766	-0.28838536	0.26885912	-0.28954428	-0.25732684	0.3343914
-0.22410664	-0.2035216	0.2567363	0.1492628	0.15411933	-0.061706886	0.18566431	0.14084986	0.23384309	-0.11377349	-0.15574943	0.19697937	-0.15753171	0.15229292	0.18326044	-0.0955368
0.5481001	0.60881525	-0.6050627	-0.57084596	-0.5721297	0.50515676	-0.57501453	-0.5707117	-0.5447065	0.55121386	0.5247366	-0.5672036	0.6156425	-0.5808863	-0.52429974	0.5700384
-0.10876224	-0.0031940693	0.0040524923	0.0121741	-0.041213106	0.061202884	0.08184884	-0.022491558	0.061630387	0.012258913	-0.017736817	0.0059079835	-0.027466675	-0.05353505	0.10461238	0.049433872
0.084956616	0.18625078	-0.13468422	-0.1564179	-0.11503171	0.15793255	-0.10807479	-0.19952327	-0.19145985	0.15270786	0.18202417	-0.14962742	0.20248744	-0.21259625	-0.18652657	0.21032894
0.29884294	0.3113515	-0.35493445	-0.34523028	-0.3054985	0.31149253	-0.3360277	-0.2951985	-0.33637944	0.3163499	0.3073418	-0.36647683	0.28838453	-0.27345073	-0.3105289	0.29269397
-0.2533777	-0.2638155	0.36146158	0.2602777	0.21813601	-0.18159787	0.2711219	0.26883093	0.27527425	-0.27300957	-0.22220883	0.3531277	-0.27836508	0.1970104	0.26241392	-0.21318415
-0.1536609	-0.14186235	0.19064641	0.15775083	0.075199135	-0.10863845	0.09526454	0.16098456	0.08850048	-0.124135844	-0.09192528	0.109838285	-0.14772335	0.07293712	0.08404048	-0.062336113
0.053643607	0.026953109	-0.13233393	-0.055484988	-0.09532132	0.14312261	-0.09034038	-0.0546633	-0.05656798	0.12770344	0.14272216	-0.09414293	0.07397468	-0.0740146	-0.14196438	0.112517305
0.19981441	0.18368572	-0.116236605	-0.17915022	-0.19181877	0.13655797	-0.11656743	-0.143228	-0.12723728	0.16487166	0.15349156	-0.1457148	0.18535328	-0.193235	-0.1915382	0.1633369
-0.5016816	-0.53655773	0.6312589	0.48244953	0.52363056	-0.47147864	0.5613195	0.5606933	0.49172238	-0.46602044	-0.45627034	0.5698232	-0.52219427	0.49968532	0.43076333	-0.5185519
0.499111	0.5034482	-0.5821551	-0.45774955	-0.52073884	0.49134472	-0.46677718	-0.50828534	-0.5387414	0.5522745	0.47099176	-0.5587401	0.5429054	-0.5387794	-0.3813662	0.49794436
-0.052696023	-0.10238475	0.094743006	0.1061337	0.043660372	-0.08916963	0.10722536	0.03046421	0.11371881	-0.030565843	-0.03291438	0.11740938	-0.08223699	0.036206987	-0.011492654	-0.08376543
-0.2953152	-0.30891943	0.24929096	0.26675683	0.23075646	-0.13896628	0.27229536	0.2777145	0.30045447	-0.21722093	-0.2238374	0.28824398	-0.23915918	0.14857465	0.22382678	-0.18184492
0.021300426	0.10187379	-0.048876386	-0.010833425	-0.059578385	0.038892478	-0.05450256	-0.04630989	-0.10923755	0.10362824	0.04591486	-0.046793334	0.070377015	-0.039693262	-0.09939138	0.005828942
-0.22425832	-0.25572982	0.21061216	0.1496925	0.21248527	-0.07502555	0.2104662	0.20475352	0.2294995	-0.10306657	-0.16255902	0.25602382	-0.19540145	0.13085394	0.18269444	-0.16124327
-0.57734036	-0.57453173	0.6519779	0.5076373	0.57565635	-0.49675635	0.56105137	0.59912795	0.5853645	-0.4734241	-0.5546584	0.61060154	-0.5032017	0.4940235	0.47581336	-0.48826808
0.12855865	0.16088356	-0.16405028	-0.18478863	-0.14481805	0.18653953	-0.14849767	-0.15934372	-0.14476459	0.10695247	0.12597916	-0.14915575	0.19881502	-0.13925228	-0.13840806	0.21002
-0.50971234	-0.53894013	0.49856472	0.4258471	0.42945015	-0.4353462	0.4847641	0.5076244	0.5273204	-0.40904352	-0.40015182	0.5324011	-0.4844731	0.38009664	0.3776616	-0.4461946
-0.13421789	-0.19088091	0.16180372	0.17971171	0.18706828	-0.07855359	0.15581056	0.12351082	0.1642187	-0.17120834	-0.17130655	0.21430828	-0.16101037	0.1384697	0.058324337	-0.17906705
0.08832805	0.14072101	-0.14353305	-0.18363224	-0.097293705	0.18258755	-0.14432912	-0.13464192	-0.11281621	0.1947435	0.18184215	-0.17418681	0.17862494	-0.20909554	-0.12930593	0.124112695
0.14419408	0.1493125	-0.22402042	-0.15807034	-0.20622474	0.24839923	-0.18895195	-0.2090251	-0.1541277	0.22445492	0.22529925	-0.16920967	0.15935118	-0.17393441	-0.15277755	0.2562494
-0.2954149	-0.25528285	0.27619883	0.16521838	0.21002941	-0.19967581	0.20628196	0.23093565	0.2540355	-0.19624999	-0.15971927	0.23604114	-0.2790594	0.17026788	0.28520468	-0.1977577
0.16903682	0.16927221	-0.24311075	-0.18445879	-0.15273573	0.16557616	-0.15484284	-0.22469884	-0.22343706	0.22927143	0.14794746	-0.22281638	0.1915155	-0.19849826	-0.11238457	0.2072603
0.18560486	0.2233471	-0.24555106	-0.23965837	-0.19513865	0.23711045	-0.21945529	-0.22874746	-0.21657175	0.1991104	0.20335366	-0.238472	0.23943925	-0.20423938	-0.1984525	0.2800302
-0.17280217	-0.18404678	0.19023728	0.16763552	0.15329432	-0.17152126	0.19975343	0.21072692	0.18525837	-0.14700022	-0.1645814	0.24286416	-0.20024693	0.1652854	0.19076882	-0.17920527
0.1349543	0.07552981	-0.06220056	-0.074199535	-0.1255461	0.061233547	-0.11145401	-0.106083624	-0.13863571	0.14205578	0.11268352	-0.08421866	0.09218768	-0.1401284	-0.055811837	0.12659672
0.044495568	0.06529761	-0.10840384	-0.10364369	-0.081444725	0.08285632	-0.079448275	-0.058671843	-0.13226363	0.09464252	0.07060156	-0.09958392	0.13006426	-0.13313918	-0.02701095	0.097127385
-0.1817232	-0.21848303	0.25325236	0.20337877	0.12838988	-0.085700564	0.21568865	0.14131972	0.17519572	-0.18907842	-0.17442165	0.25018778	-0.26225558	0.10740675	0.30901578	-0.15673815
-0.31030017	-0.31371805	0.4078751	0.3378081	0.29813495	-0.33611208	0.29882005	0.28972694	0.30235896	-0.32850882	-0.35111952	0.33519116	-0.32328454	0.3717998	0.2469969	-0.3605176
0.36215425	0.35436174	-0.466747	-0.44139266	-0.44903037	0.43945098	-0.4099472	-0.36153024	-0.35125247	0.4393754	0.42711803	-0.36364934	0.44485685	-0.3897728	-0.33204854	0.41882312
-0.9127864	-0.9270487	0.9406248	0.8661222	0.7896736	-0.75876105	0.80600905	0.86164224	0.8297967	-0.84783155	-0.7902101	0.86668247	-0.9515966	0.81444246	0.8154121	-0.7738776
-0.15294854	-0.2287361	0.22039403	0.10471006	0.15457477	-0.07087298	0.18451604	0.11379879	0.1681824	-0.10448583	-0.117424935	0.16564953	-0.14433713	0.05651912	0.18196097	-0.066981725
-0.49252975	-0.46253577	0.5093488	0.4108086	0.4218002	-0.33544898	0.41262946	0.39187157	0.39660537	-0.3952289	-0.38015413	0.4637718	-0.40706083	0.330617	0.3981752	-0.35442972
0.793128	0.80448645	-0.91574115	-0.7900859	-0.7975758	0.7627531	-0.7956904	-0.7533863	-0.7925081	0.82058144	0.73000586	-0.90623546	0.9082954	-0.7764715	-0.74093866	0.80440676
-0.116874866	-0.15004224	0.13968015	0.05566371	0.13665934	-0.116013415	0.15173289	0.14518724	0.1369456	-0.09203414	-0.11629089	0.089537404	-0.13287841	0.0848341	0.052642923	-0.07403589
-0.20524809	-0.26294792	0.25288865	0.24808712	0.25925258	-0.18897164	0.20174265	0.20545883	0.27552956	-0.24230273	-0.24467547	0.19581395	-0.26574624	0.16111194	0.13110003	-0.21957096
-0.52482873	-0.5691658	0.6256623	0.54529	0.58475715	-0.4571383	0.51213753	0.50277793	0.55581915	-0.52621186	-0.45206538	0.5637737	-0.51491624	0.49477103	0.46999252	-0.44617587
0.15045756	0.21415766	-0.20653291	-0.17583457	-0.23196703	0.3085851	-0.20867711	-0.23124473	-0.2217704	0.29435968	0.27854347	-0.25358826	0.17980164	-0.26206043	-0.11040388	0.30505604
0.096066765	0.017713847	-0.107126854	-0.116545215	-0.03229997	0.14926413	-0.015952067	-0.11432594	-0.037550043	0.11099257	0.06324956	-0.045995213	0.097093545	-0.058680624	-0.06444205	0.08457996
-0.326716	-0.35635915	0.4001976	0.3613384	0.3542445	-0.355959	0.3211134	0.33377987	0.33849284	-0.29025513	-0.32270634	0.39249134	-0.3117782	0.29431942	0.23875552	-0.35111305
0.19551946	0.20415808	-0.2529476	-0.21499406	-0.19332889	0.1493022	-0.16583303	-0.15528844	-0.15813456	0.17291531	0.1622191	-0.22861527	0.17159608	-0.18796656	-0.10891712	0.1987504
0.096387126	0.11910299	-0.16688053	-0.15528305	-0.091465294	0.12997198	-0.09573843	-0.15797436	-0.14162879	0.15320572	0.10036453	-0.11308169	0.092791826	-0.13084488	-0.16315258	0.10805257
-0.37150767	-0.42299214	0.40570968	0.43719226	0.36812007	-0.36740845	0.39839992	0.4270902	0.46225774	-0.3463139	-0.3988369	0.43213844	-0.4115327	0.39317545	0.37768954	-0.3231046
-0.33279422	-0.2900803	0.2949925	0.33906263	0.3176899	-0.1904882	0.34480983	0.25774673	0.3263204	-0.24759595	-0.26386788	0.28536868	-0.3479216	0.18846188	0.32621545	-0.24762608
0.16488309	0.22474386	-0.1885839	-0.17634355	-0.14530765	0.15263744	-0.16922115	-0.22754832	-0.18457834	0.20062363	0.20640898	-0.20234564	0.15608652	-0.16423453	-0.14503983	0.21261762
0.22043382	0.21757244	-0.2580126	-0.28051442	-0.2381553	0.2365167	-0.2165224	-0.2422196	-0.24330087	0.30125874	0.3008597	-0.27038646	0.24854027	-0.29176605	-0.26231155	0.26830766
-0.0691534	-0.015785813	0.031063609	0.035600718	-0.026668182	0.01956744	0.013565503	0.0141721945	0.00761584	0.007051758	0.06894672	0.030704068	0.017003011	-0.019919902	0.025461113	0.08993441
-0.38557932	-0.4016888	0.33681133	0.35550967	0.37625736	-0.26743218	0.29849544	0.2943977	0.34402287	-0.34109613	-0.31561923	0.32886255	-0.33056206	0.3359327	0.35180467	-0.35281727
-0.18144868	-0.23033223	0.25031498	0.18926913	0.21107313	-0.14711222	0.23367551	0.17913625	0.19327345	-0.19448416	-0.1655174	0.16954388	-0.20871352	0.12382744	0.2008061	-0.17678238
-0.37066934	-0.34810913	0.44733986	0.34536123	0.3869112	-0.37149647	0.4048462	0.3818571	0.41169018	-0.3673084	-0.3381276	0.36406824	-0.3857153	0.30328697	0.32132533	-0.38094065
-0.3427739	-0.39851728	0.39255127	0.34962007	0.40131348	-0.31439102	0.3288077	0.37201777	0.39594433	-0.35166246	-0.36608347	0.43673915	-0.32855716	0.35018212	0.2508226	-0.3288646
0.35438108	0.348568	-0.41973487	-0.28346127	-0.30127516	0.36179456	-0.3513681	-0.35828185	-0.30701244	0.2971217	0.28730494	-0.3559124	0.32107875	-0.33586493	-0.25762638	0.33078763
0.20356728	0.1630674	-0.23208396	-0.17512816	-0.19913712	0.16583997	-0.179794	-0.17493035	-0.15230489	0.22511527	0.20428759	-0.19705892	0.13803841	-0.25425828	-0.16249038	0.19695926
0.21118608	0.26481834	-0.34867594	-0.2791501	-0.28734183	0.26034278	-0.24450108	-0.2730205	-0.3026456	0.31895354	0.27816886	-0.31048793	0.28062394	-0.25640905	-0.1958206	0.27967477
0.34637293	0.28283155	-0.30100548	-0.27970517	-0.2825303	0.29114348	-0.31266236	-0.30578905	-0.3544531	0.331371	0.29499385	-0.3472114	0.34508243	-0.28070626	-0.20727186	0.27489164
-0.083243825	-0.053478282	-0.0071713054	0.01933621	-0.014401272	0.015648719	0.07724684	-0.025569996	0.0046522906	0.014725893	0.030189252	0.0845497	-0.008378604	-0.020582382	0.02592246	-0.02301935
0.04318063	0.047481574	-0.12201415	-0.12976633	-0.10409049	0.05369841	-0.11363697	-0.09838016	-0.08573202	0.10877682	0.0983502	-0.12530467	0.07678637	-0.08185475	-0.031146342	0.12204911
-0.022486422	-0.07173452	0.040695928	0.0068706614	0.04875453	0.010707898	0.07263241	-0.0038028352	0.068667874	-0.0138316145	0.0051883464	0.024021983	-0.07226914	-0.046500083	0.027259026	0.023179313
0.06946932	0.053349894	-0.076075986	-0.111398116	-0.027363624	0.040130135	-0.051158264	-0.11063099	-0.07068857	0.1101901	0.021332838	-0.07572917	0.04377708	-0.027107166	-0.05208894	0.037245918
0.82668215	0.817232	-0.9314536	-0.79117185	-0.7675336	0.7578748	-0.8472287	-0.8267596	-0.80519015	0.74843115	0.76724106	-0.9106505	0.86883515	-0.7445845	-0.73073417	0.74000233
0.23645118	0.23476075	-0.24311681	-0.24855614	-0.22041056	0.19803195	-0.2390565	-0.2553335	-0.20793281	0.18940568	0.18730836	-0.22561227	0.15944783	-0.24398324	-0.12591785	0.2069373
-0.051719286	-0.04255462	0.103776924	0.0530564	0.09954269	-0.013433042	0.10854793	0.09791823	0.11469886	0.03266176	0.014133255	0.044767484	-0.06377315	-0.02410214	0.009335827	0.027919928
-0.67545414	-0.7333175	0.81319994	0.68543416	0.6519437	-0.5824329	0.68606776	0.68498236	0.7530095	-0.6307684	-0.6516821	0.71802247	-0.7133431	0.6570459	0.6001226	-0.6355252
0.16136655	0.13603592	-0.13204147	-0.10418689	-0.10144516	0.07459502	-0.16602819	-0.106393255	-0.11092827	0.10509839	0.15038872	-0.092335604	0.101416744	-0.13880141	-0.0994411	0.0773528
-0.17538442	-0.23685746	0.21060234	0.143266	0.19666396	-0.15111727	0.19602235	0.20459093	0.18850642	-0.17623954	-0.13113697	0.19909616	-0.24353467	0.18705294	0.23161641	-0.20861906
0.15183903	0.18014115	-0.15279849	-0.1758908	-0.12894396	0.105038986	-0.1547451	-0.2099508	-0.14214477	0.13219579	0.17005634	-0.16384938	0.13749596	-0.18869582	-0.18763587	0.19091466
-0.51335305	-0.5619358	0.56477606	0.516269	0.5189033	-0.4368016	0.4924697	0.47095686	0.541822	-0.46783462	-0.41773668	0.51588416	-0.49710232	0.44881234	0.49294585	-0.49253485
0.0024715243	0.014269244	-0.025845887	-0.03350317	0.039521147	0.02498292	0.053340897	0.04459631	-0.018086715	0.031270508	0.011917248	-0.0029411619	0.05438944	-0.0064526503	-0.058062423	0.052680966
-0.40986308	-0.34146723	0.37404045	0.30444676	0.34538418	-0.3389111	0.3782491	0.3545301	0.34844908	-0.37252966	-0.3084495	0.36454085	-0.3730191	0.3355737	0.28819096	-0.3179119
0.39663202	0.4042386	-0.45188272	-0.44121298	-0.37814265	0.37871763	-0.39882421	-0.41543308	-0.41715696	0.40669	0.3249782	-0.47657746	0.3706684	-0.41746992	-0.32415614	0.41420358
-0.0016490943	-0.027391797	-0.013241265	0.02270069	-0.02237821	-0.023175942	-0.015377806	0.04103152	0.008264241	-0.05214558	0.020245448	-0.017825741	-0.010614342	0.021995885	-0.02268361	-0.009951235
0.43460768	0.4167871	-0.48514077	-0.4622534	-0.43490803	0.47205776	-0.38246024	-0.4083027	-0.461375	0.399086	0.409497	-0.42624813	0.47673362	-0.40797234	-0.35041595	0.42082605
0.03337426	0.0701596	-0.0816717	-0.0641266	-0.09012384	0.11745026	-0.04571652	-0.086471185	-0.09018087	0.13669121	0.12299489	-0.101345725	0.12126696	-0.07464258	-0.14385773	0.13321413
0.34644482	0.40697178	-0.44170356	-0.40653896	-0.4616607	0.3712725	-0.35609487	-0.41618156	-0.40495443	0.43147314	0.35497862	-0.38945925	0.40790358	-0.3620052	-0.34616965	0.3940023
0.3774033	0.3906	-0.38271892	-0.4072543	-0.36755508	0.3356442	-0.37893936	-0.34100646	-0.36240098	0.35004535	0.30710727	-0.37249297	0.34149748	-0.34118706	-0.2913118	0.3839305
0.15732315	0.16918057	-0.11961889	-0.15798692	-0.12060486	0.06723096	-0.09974024	-0.17777792	-0.16963775	0.0811327	0.0860943	-0.1740475	0.17788525	-0.12128457	-0.21828832	0.15335557
0.44478536	0.47925407	-0.5193825	-0.4760983	-0.49199426	0.45372277	-0.50525385	-0.47828364	-0.48931867	0.42587575	0.4671167	-0.5395755	0.4711378	-0.46130532	-0.35614008	0.51587623
-0.35500652	-0.36898318	0.39696255	0.39282298	0.43449777	-0.39510894	0.40208226	0.3580411	0.37509915	-0.33043712	-0.37986907	0.4391871	-0.4181879	0.40186635	0.3469591	-0.37365332
-0.4276511	-0.349817	0.40985864	0.35744613	0.39499342	-0.2695864	0.34110722	0.39742282	0.38159075	-0.36702177	-0.3417655	0.38148376	-0.3767836	0.31516242	0.3025181	-0.2982348
-0.28212965	-0.26433033	0.28854725	0.26912728	0.27345625	-0.16045825	0.21329866	0.2030229	0.2219537	-0.19626714	-0.24715921	0.21790062	-0.21089035	0.1715812	0.30940592	-0.16267177
-0.2635312	-0.280732	0.38217184	0.34076372	0.29285908	-0.2779238	0.36317006	0.26691884	0.27751485	-0.23973133	-0.28941983	0.31949326	-0.31047758	0.3235123	0.2942273	-0.27438563
0.017679859	0.11120554	-0.05962963	-0.07690019	-0.07784984	0.11301927	-0.016319595	-0.059215087	-0.047842633	0.09318611	0.059062343	-0.07476753	0.0439267	-0.13806288	-0.0852542	0.043227267
-0.33905572	-0.38349757	0.38032967	0.36033052	0.39062363	-0.38393888	0.33627596	0.35805	0.40807155	-0.39595124	-0.39377585	0.37737298	-0.39698854	0.3504387	0.24982037	-0.39581966
-0.19973037	-0.15242727	0.12454605	0.16174674	0.117443085	-0.04984732	0.16881537	0.16140136	0.16989912	-0.157909	-0.063908435	0.13686602	-0.1669924	0.15117803	0.116171524	-0.061298672
0.13943814	0.06337642	-0.15737355	-0.08757313	-0.08266623	0.12562868	-0.1252603	-0.073857926	-0.12688595	0.08759318	0.09548553	-0.063742906	0.13765928	-0.1387682	-0.09107381	0.12458803
0.20192823	0.25950292	-0.2468107	-0.22776215	-0.27598363	0.2567656	-0.20761265	-0.2533407	-0.26940718	0.30265078	0.28142807	-0.23693322	0.3033731	-0.3231677	-0.17408024	0.29554904
0.010049913	0.028846098	0.040645763	-0.058166865	-0.06807552	0.079145476	0.014637246	-0.0125818625	-0.016074348	-0.022769112	0.06670352	0.051497553	-0.01585318	-0.028766442	0.131707	0.016945155
0.75060105	0.80204165	-0.91862	-0.7350381	-0.7439533	0.69936055	-0.7542234	-0.81058824	-0.7777473	0.70823	0.71408963	-0.8043168	0.8081748	-0.79854906	-0.6808426	0.78918356
0.39529297	0.40268785	-0.46294153	-0.38802055	-0.36193198	0.38570875	-0.43311757	-0.4562833	-0.38287592	0.36220542	0.3455448	-0.47399604	0.3750098	-0.42492983	-0.4024188	0.41493118
-0.15195805	-0.12247405	0.10521067	0.15829	0.08193751	-0.11793093	0.09783458	0.1701941	0.15645868	-0.14181407	-0.10287903	0.17180423	-0.08742849	0.12450683	0.09156084	-0.1682228
-0.24992675	-0.2583305	0.31834382	0.2429804	0.31929046	-0.22561944	0.2736164	0.275287	0.30090138	-0.29123026	-0.26176152	0.28550586	-0.28025705	0.23654935	0.24529593	-0.24880838
0.100730635	0.019980757	-0.10497863	-0.12743378	-0.06581425	0.121138774	-0.08937477	-0.034825947	-0.032574363	0.10969256	0.09147679	-0.10066717	0.030231226	-0.100237176	-0.11894702	0.0673956
-0.108075805	-0.034913976	0.062108696	0.05967531	0.04881655	-0.039409343	0.06602641	0.06490179	0.04925808	-0.063345	-0.07101232	0.055453155	-0.07093142	0.08540052	0.098607995	-0.055337057
-0.38863966	-0.2968185	0.39392838	0.26724362	0.24778444	-0.24924462	0.3090596	0.28970674	0.27139094	-0.30371088	-0.21543854	0.28991872	-0.32023343	0.24277776	0.33012423	-0.26120308
-0.3079889	-0.27805284	0.3154423	0.28083742	0.26319334	-0.24418946	0.30481958	0.28471854	0.34976143	-0.25619638	-0.24768023	0.3203787	-0.3530292	0.27671653	0.2889919	-0.21497542
0.3784065	0.41667846	-0.44938445	-0.4294714	-0.45762226	0.4315083	-0.3662442	-0.4578638	-0.40000018	0.48482877	0.4026635	-0.4442193	0.42302993	-0.43770692	-0.3480286	0.45823827
0.104737766	0.11428882	-0.1414117	-0.11323192	-0.1234201	0.12514442	-0.11805915	-0.101519644	-0.12971984	0.117950134	0.101055324	-0.10181318	0.14007394	-0.17365801	-0.086939946	0.12689972
-0.15729654	-0.2145973	0.30089292	0.18581331	0.28832307	-0.31977862	0.1605259	0.19207686	0.19372971	-0.27302876	-0.25395304	0.28207055	-0.21030517	0.2479402	0.14734456	-0.24373305
-0.007367103	-0.029275756	0.03394935	0.052216195	0.021588756	0.03547019	0.058151424	0.036653593	0.07485237	-0.015996717	-0.036346048	-0.004342028	-0.019874735	0.022147065	0.06789854	0.008399166
-0.16758586	-0.23137383	0.23095539	0.21494251	0.1519519	-0.11005482	0.1785043	0.22652912	0.16806908	-0.19971101	-0.14698169	0.15090942	-0.19458027	0.102288395	0.23171163	-0.16180429
-0.21316524	-0.26124045	0.2319285	0.24631761	0.2352795	-0.21534635	0.211699	0.1948282	0.2065694	-0.15882902	-0.18041152	0.21422932	-0.16353932	0.20360085	0.22423005	-0.20067813
-0.20119135	-0.16564992	0.1925659	0.15670873	0.1030314	-0.10840864	0.09952379	0.16138938	0.10198894	-0.14803116	-0.13093232	0.16414419	-0.12627682	0.093224935	0.2065838	-0.06952529
-0.25755963	-0.33130008	0.3367893	0.23597683	0.24128135	-0.1341443	0.24720979	0.2586755	0.27465913	-0.18641263	-0.24212343	0.28456333	-0.26083523	0.21408363	0.19886827	-0.15570934
0.1343231	0.08165069	-0.1517378	-0.12242385	-0.17770904	0.185736	-0.14786665	-0.15867217	-0.11047601	0.10924381	0.15931565	-0.13138239	0.1259811	-0.21930763	-0.07620955	0.14921378
-0.12794138	-0.21427685	0.15468764	0.18255994	0.16235365	-0.19058149	0.16844714	0.20984225	0.22779764	-0.1650457	-0.13684425	0.22485954	-0.2230016	0.188658	0.16687278	-0.16040854
-0.23520516	-0.21419199	0.26769707	0.1941749	0.20946573	-0.2261342	0.2855139	0.25670537	0.2775788	-0.2176665	-0.26545742	0.22684957	-0.25693935	0.24083127	0.20105128	-0.2538925
0.20847236	0.14054225	-0.23205867	-0.19604462	-0.21697187	0.22938602	-0.172738	-0.19552647	-0.2325127	0.18739669	0.22306244	-0.19355164	0.26436657	-0.26159343	-0.23686782	0.21870227
-0.52994835	-0.5001081	0.6133615	0.447977	0.5157237	-0.48938236	0.5412075	0.4790522	0.5085256	-0.47809264	-0.4326126	0.58404356	-0.5102111	0.46992102	0.44786403	-0.48835558
0.074703015	0.17213178	-0.15491772	-0.09525287	-0.088130206	0.1355944	-0.14490485	-0.13159436	-0.1680726	0.14585307	0.13403389	-0.14694741	0.08304268	-0.19858891	-0.08818564	0.16169938
-0.18890446	-0.19439112	0.22515546	0.19034825	0.20040137	-0.23459938	0.22675563	0.1962883	0.23048355	-0.15291958	-0.23383605	0.20196362	-0.18308622	0.14634569	0.23355281	-0.23482339
-0.7063498	-0.72049373	0.80179334	0.6952156	0.67883444	-0.6398443	0.70899147	0.6486368	0.66223204	-0.65378	-0.5852673	0.6967251	-0.6590225	0.6530081	0.680356	-0.6737606
0.1624661	0.18595661	-0.14302485	-0.11073022	-0.10371418	0.1650476	-0.16798405	-0.094837755	-0.15393147	0.17380942	0.15090105	-0.13826492	0.17094645	-0.16025855	-0.13749956	0.108468994
0.43056574	0.38976908	-0.43888876	-0.45289826	-0.38536894	0.43424696	-0.36699775	-0.36899975	-0.39006427	0.37573126	0.42719683	-0.40036055	0.42419854	-0.37369645	-0.3881631	0.43779385
-0.24322419	-0.26236114	0.24669714	0.2469143	0.21757652	-0.20424631	0.19329491	0.19110873	0.20616147	-0.1861887	-0.21147056	0.2392704	-0.26194888	0.23029174	0.15577874	-0.20804156
0.07620559	0.0954837	-0.18484578	-0.09669534	-0.13055377	0.15937181	-0.08226208	-0.1602598	-0.1426344	0.16135618	0.13578728	-0.14445338	0.116183184	-0.1303717	-0.04038701	0.16361809
-0.50211495	-0.5487804	0.539368	0.48305175	0.4461577	-0.3820788	0.4531468	0.45457333	0.5293316	-0.48827597	-0.4010466	0.5137277	-0.5064511	0.48168653	0.5002752	-0.4630237
-0.17331924	-0.21793638	0.2336731	0.19841804	0.22958042	-0.12981254	0.17259964	0.15183197	0.20296402	-0.18427967	-0.16500978	0.21913753	-0.18587163	0.17944221	0.107004195	-0.17547265
-0.22153893	-0.24280207	0.26621357	0.26150426	0.28170374	-0.19059941	0.22622322	0.29261693	0.25514945	-0.16929935	-0.21948086	0.30131593	-0.28002208	0.24452984	0.17191231	-0.19848588
-0.40742472	-0.45233464	0.41737658	0.3633551	0.4369466	-0.3423513	0.38687834	0.34280378	0.3996376	-0.41888198	-0.31466556	0.42000243	-0.39697015	0.3550704	0.37407777	-0.41635868
-0.12571809	-0.13711923	0.1329856	0.14645344	0.15845631	-0.099014394	0.13688418	0.12682089	0.100506805	-0.08727807	-0.13805744	0.13716465	-0.12885329	0.08369607	0.1389771	-0.11164865
0.19672547	0.2044239	-0.16708708	-0.21305676	-0.16106686	0.19070068	-0.16724662	-0.21428266	-0.210138	0.15982363	0.20598648	-0.19856933	0.14879395	-0.13401201	-0.09108968	0.15305118
-0.2914305	-0.27329922	0.29703483	0.26027718	0.32639357	-0.30820072	0.34946156	0.3234724	0.3546273	-0.29340622	-0.2630299	0.3110724	-0.3257125	0.2555367	0.3243033	-0.32561448
0.674416	0.73708206	-0.70436054	-0.68235666	-0.70161146	0.71449697	-0.70585066	-0.6504226	-0.73114675	0.6973169	0.649026	-0.7170547	0.6989334	-0.6714431	-0.60013133	0.65682286
-0.0578631	0.030071061	-0.05803247	-0.07927303	-0.025188982	0.0659597	0.036858186	-0.01889729	-0.042275827	0.09885303	0.084943414	-0.047249604	0.07871181	-0.10842584	-0.02993542	0.064878024
0.19159709	0.18023331	-0.19534975	-0.095246464	-0.13226114	0.14038332	-0.15868329	-0.18968767	-0.15130286	0.11836049	0.16815802	-0.17992754	0.16837959	-0.13208824	-0.15766674	0.14582397
-0.42560017	-0.45335427	0.49567744	0.43592885	0.38170463	-0.3738645	0.46212903	0.44656447	0.41893044	-0.3750553	-0.3450283	0.41982916	-0.4017816	0.3810448	0.3697559	-0.40016803
-0.371676	-0.35071656	0.3980578	0.36023074	0.4033053	-0.26351404	0.3718731	0.3526039	0.38180777	-0.35829055	-0.33674622	0.44219923	-0.33751267	0.35614595	0.28461614	-0.35668468
-0.59026074	-0.5857919	0.6435657	0.61859757	0.62595147	-0.50811493	0.6202082	0.61564946	0.5963981	-0.5765278	-0.49979746	0.6329455	-0.60297984	0.57199216	0.5856806	-0.5613876
-0.1879595	-0.20576805	0.21363276	0.17005071	0.24236515	-0.12559946	0.25719157	0.15576728	0.22795068	-0.22072469	-0.16851602	0.18221632	-0.2081932	0.18576008	0.22572851	-0.13061237
0.07559038	0.050923802	-0.09333714	-0.14582247	-0.06300152	0.06798494	-0.07559703	-0.11969616	-0.115239225	0.06004687	0.09160045	-0.046961438	0.15043296	-0.11538355	-0.11895476	0.11158975
-0.25556266	-0.2681091	0.21439768	0.26021096	0.21786518	-0.1744756	0.1932989	0.2506475	0.25573027	-0.19653893	-0.24058841	0.22603361	-0.24377874	0.22188827	0.22003515	-0.15625224
-0.021618653	-0.04745462	-0.010548212	-0.03382915	0.05422812	-0.045700844	0.009762743	0.055769145	-0.021537537	0.01901944	0.038860086	0.023289744	-0.058506254	-0.03233618	0.0122654475	-0.049182422
0.1385498	0.18779847	-0.19354732	-0.15305722	-0.13417049	0.21167952	-0.17890583	-0.17640334	-0.117553614	0.1734817	0.18101576	-0.11434934	0.1410251	-0.18773046	-0.12226666	0.13676149
0.24913402	0.20499681	-0.22681354	-0.2753091	-0.21155453	0.19186588	-0.25693175	-0.19791347	-0.2638755	0.19079898	0.18716897	-0.21990295	0.22124572	-0.25154462	-0.16625349	0.26012704
0.37531617	0.38611642	-0.4562426	-0.42124784	-0.435574	0.3622606	-0.41040444	-0.36851358	-0.37938407	0.44194084	0.40743214	-0.43110722	0.39775184	-0.4422988	-0.34138697	0.39655554
-0.05037584	-0.010611021	0.056517217	0.016332688	-0.053936683	0.05278688	0.034293346	0.05668795	0.030911205	-0.027768437	0.03426528	-0.0046945056	0.03747269	-0.039782546	-0.005968803	0.017656015
0.117896736	0.11606687	-0.115645885	-0.14431825	-0.1480429	0.16094531	-0.077594824	-0.13074666	-0.08889852	0.129772	0.17681196	-0.11340681	0.11329411	-0.12863955	-0.06088653	0.13231568
-0.20073242	-0.25527713	0.20144159	0.2161461	0.19929323	-0.14135973	0.22887376	0.20938253	0.18562442	-0.21250206	-0.18608312	0.26836047	-0.2456149	0.17954862	0.20891777	-0.1670572
0.17844814	0.12622209	-0.21535337	-0.14852418	-0.18048859	0.15322115	-0.10427221	-0.14117476	-0.16343214	0.1269787	0.17973696	-0.13769571	0.19986933	-0.12843245	-0.13842827	0.2330027
0.0890237	0.09903888	-0.14661184	-0.082829766	-0.13455236	0.17529854	-0.12751096	-0.059497338	-0.114208534	0.15735634	0.11171628	-0.11336224	0.07621899	-0.12777176	-0.06579516	0.13963379
0.3833285	0.38075626	-0.406978	-0.40548843	-0.37579775	0.35278508	-0.40005997	-0.36687103	-0.41067255	0.36648792	0.3672067	-0.4324224	0.39450675	-0.39825848	-0.34998465	0.34307942
0.3215456	0.35779682	-0.4080067	-0.26753855	-0.32872736	0.2749128	-0.28054708	-0.34476766	-0.3003824	0.3113753	0.33299822	-0.39666173	0.36648488	-0.28235015	-0.2273495	0.36448315
0.14937605	0.104820296	-0.11084357	-0.20617947	-0.19502635	0.1680539	-0.09863019	-0.10597384	-0.15165614	0.18173295	0.11239595	-0.17692271	0.14794794	-0.19847232	-0.11710365	0.22512949
-0.39572084	-0.44033927	0.5086433	0.37255344	0.41423246	-0.3798565	0.43753737	0.4002933	0.45652643	-0.3547174	-0.31688344	0.40046316	-0.48061863	0.35563684	0.4325787	-0.40129852
-0.41599688	-0.39825994	0.42813608	0.3972746	0.38679427	-0.2683608	0.3654293	0.37677097	0.41233522	-0.30889794	-0.3847524	0.34800434	-0.35163802	0.34893793	0.31102678	-0.26833966
0.010174867	0.0328024	-0.032280996	-0.07218748	-0.04897859	0.018775862	-0.05861211	-0.072073966	-0.004357465	0.012985752	0.037355132	-0.08187851	0.035492145	-0.051418204	0.025028883	0.061422963
0.055904943	-0.04496484	-0.05404438	-0.04155911	0.012448135	0.044704475	-0.029176326	-0.031303763	-0.024188425	0.00696122	0.0052680164	-0.02739903	0.0014904876	-0.07949007	0.006223325	0.04267766
-0.63593334	-0.608079	0.6963476	0.62087107	0.5579342	-0.54233634	0.59178376	0.6197921	0.65125835	-0.5569767	-0.5461665	0.6596912	-0.66352314	0.50448966	0.5133286	-0.4997128
-0.050511166	-0.06267845	0.12899019	0.03300972	0.06626776	-0.031318832	0.10245595	0.06875372	0.05513312	-0.09213794	-0.026362803	0.050940324	-0.0535465	0.0660993	0.076817274	-0.08418538
0.18726526	0.20421496	-0.25136313	-0.21517879	-0.21408048	0.1803341	-0.18988734	-0.21949162	-0.21706437	0.22144344	0.20843002	-0.23269561	0.15014051	-0.18089579	-0.20040107	0.20705105
-0.5205842	-0.5566481	0.5893167	0.4421501	0.45628	-0.49764952	0.5296747	0.48924246	0.5058612	-0.47329953	-0.43524623	0.48899204	-0.5145697	0.46964777	0.4382632	-0.4846904
0.22751893	0.30875754	-0.34974793	-0.26626086	-0.34299222	0.31565386	-0.30827639	-0.30889747	-0.2924679	0.27705818	0.31526855	-0.29017	0.33115518	-0.33311918	-0.25271982	0.25751933
0.3871771	0.31157163	-0.38210976	-0.33006516	-0.3547404	0.34671587	-0.3217085	-0.30824497	-0.37966648	0.357368	0.29733184	-0.34751245	0.37263152	-0.29644096	-0.3334001	0.32715574
-0.16385487	-0.10898462	0.19244151	0.14065085	0.09261301	-0.06344206	0.14212751	0.15201743	0.12106199	-0.09772454	-0.15644673	0.1364506	-0.1443204	0.102593996	0.06116429	-0.05188611
-0.64853835	-0.6346168	0.7761932	0.7057849	0.6718041	-0.6533946	0.6908407	0.7056269	0.67583376	-0.5986028	-0.6502781	0.7252389	-0.72839886	0.60959125	0.5810613	-0.5860075
-0.43203935	-0.39265457	0.44144225	0.3645461	0.40963972	-0.28187254	0.4289694	0.4049007	0.42622128	-0.38878155	-0.3512654	0.40853724	-0.3848142	0.30780137	0.38389015	-0.3383714
-0.40887728	-0.3990685	0.45312998	0.3369945	0.40543327	-0.34467447	0.37617382	0.39790052	0.45824033	-0.36521524	-0.3916567	0.3961288	-0.3907845	0.31013224	0.34031567	-0.37616396
-0.59631324	-0.6476284	0.7049723	0.56828827	0.5727169	-0.5154571	0.6141656	0.66133004	0.60508066	-0.5840507	-0.5266932	0.61721444	-0.59944546	0.5929749	0.6098391	-0.62240213
-0.21310113	-0.21364148	0.29447278	0.17758806	0.22242795	-0.23509143	0.19773564	0.21130058	0.2873135	-0.19018559	-0.19310799	0.24003981	-0.2340075	0.1897593	0.2694031	-0.2016844
-0.26516452	-0.20340927	0.26362538	0.20675468	0.20933178	-0.17583854	0.21341802	0.25779882	0.22263478	-0.24505989	-0.1888636	0.29246578	-0.23639064	0.1778694	0.22608718	-0.20866297
-0.56704694	-0.5767432	0.5837956	0.47789314	0.5142902	-0.47440824	0.53381914	0.52165264	0.51712775	-0.49535733	-0.49179685	0.5677809	-0.59778243	0.42430463	0.48131418	-0.44177273
0.029946502	0.003438723	-0.05303951	-0.025056459	0.023131577	0.017134557	0.04657279	0.035563536	0.033653896	0.023444088	0.059573673	-0.022903772	-0.0014160427	-0.054028194	-0.0072210077	0.005194983
-0.33868372	-0.36159027	0.36760905	0.30769628	0.28788382	-0.22115326	0.32397005	0.32173344	0.3720689	-0.3110834	-0.27242568	0.291696	-0.37673208	0.254987	0.24004863	-0.25091615
-0.15378593	-0.24225156	0.2142335	0.1848554	0.2567975	-0.21525429	0.18353388	0.1538433	0.17320837	-0.17935894	-0.18926872	0.20155488	-0.16478114	0.17175224	0.07644796	-0.20919915
-0.68075347	-0.6905223	0.768142	0.66222364	0.6644842	-0.64566433	0.6469027	0.64304733	0.71296805	-0.66491544	-0.55438524	0.7126357	-0.69126165	0.61343455	0.6140932	-0.64662415
0.18832359	0.19457668	-0.20111306	-0.19737746	-0.24738628	0.24193956	-0.25425106	-0.22040176	-0.19400115	0.17187668	0.22666287	-0.27550617	0.20084162	-0.23517174	-0.20602338	0.18420926
0.067012414	0.016034577	-0.11516577	-0.1257558	-0.054459736	0.1389303	-0.031689145	-0.04196095	-0.05719435	0.053480793	0.120291255	-0.06565385	0.03584082	-0.08338645	0.023719164	0.083833344
-0.12050476	-0.15393649	0.16698413	0.081558034	0.14538114	-0.13830791	0.08239305	0.13689002	0.10341764	-0.13701826	-0.14978112	0.15388267	-0.12866443	0.10982752	0.084946	-0.12831622
0.21352947	0.30596766	-0.2447717	-0.26946327	-0.27653784	0.22889924	-0.28193334	-0.20752415	-0.28945363	0.23443963	0.21480782	-0.31812552	0.26635325	-0.27854863	-0.20172964	0.25155306
-0.18813843	-0.10196423	0.12855583	0.08491308	0.12618345	-0.12467913	0.15229838	0.15358537	0.10962967	-0.10483439	-0.08013087	0.1197908	-0.09188394	0.05204028	0.07501039	-0.077373706
0.076687686	0.050525434	-0.10597009	-0.06565997	-0.035170637	0.090788044	-0.09726116	-0.072747596	-0.10728045	0.10997639	0.093559824	-0.08896159	0.051983915	-0.12064001	-0.1438825	0.063531324
0.24170598	0.24100387	-0.22658919	-0.22864339	-0.21162845	0.24944401	-0.23653896	-0.19943105	-0.1947666	0.22671242	0.23379941	-0.22698933	0.20973992	-0.2575825	-0.24486865	0.27041888
-0.0720179	8.137725e-05	0.09867385	0.034398638	0.016798042	-0.042860437	0.01631396	0.029574148	0.016813554	-0.009618525	-0.022926882	0.0900888	-0.074543074	0.03515548	0.055245716	-0.02446964
-0.17915554	-0.16279802	0.18177752	0.11192757	0.09282012	-0.04373018	0.190648	0.18586205	0.13858959	-0.07042461	-0.11354867	0.18473916	-0.17118585	0.12579556	0.0909834	-0.1319828
-0.53246814	-0.5021053	0.5963653	0.528552	0.55236053	-0.49924326	0.55053264	0.5423988	0.4868859	-0.5086814	-0.42284304	0.6192411	-0.52484834	0.4291064	0.45207885	-0.51126987
-0.12255036	-0.03605	0.054007877	0.08083313	0.027016517	-0.08556012	0.05777088	0.0993649	0.1090995	-0.023309752	-0.09924093	0.11142	-0.02314775	0.035355274	-0.013981364	-0.0063480474
-0.08246706	-0.025461247	0.08258073	0.055809908	0.025257453	-0.04190963	0.012855048	0.03849601	0.06700815	-0.055405293	-0.07273411	0.035634387	-0.07882803	0.020175887	0.021841085	-0.09065421
-0.022251468	0.024999829	-0.033418912	0.02079356	-0.03702452	0.04247934	0.040671986	-0.02209015	-0.013522053	0.05937505	0.045023706	0.008724909	0.019150546	-0.0030516214	0.017528428	-0.020481199
-0.086059734	-0.1422726	0.14393385	0.08412978	0.05585142	-0.10916797	0.12548412	0.10888386	0.0689999	-0.05289358	-0.041879933	0.07860333	-0.13646075	0.056110475	0.1983062	-0.098280706
0.23469739	0.16322407	-0.23057058	-0.19208352	-0.2441574	0.24580728	-0.23056655	-0.239799	-0.22558497	0.16219094	0.22131674	-0.259211	0.2482368	-0.17771181	-0.118210666	0.19029507
8.002449e-05	0.09280255	-0.045982767	-0.096809305	-0.033557087	0.05746093	-0.0629004	-0.014179118	-0.054839157	0.027756358	0.076395206	-0.01488932	0.056977864	-0.04386533	-0.027046591	0.114301264
0.15780374	0.22053207	-0.17021906	-0.22726844	-0.21000986	0.2137798	-0.20438612	-0.16059849	-0.187094	0.16173759	0.22144105	-0.23135695	0.14522973	-0.15288731	-0.1050998	0.20993875
-0.045413792	-0.03968125	0.04188482	0.069626406	-0.0045740083	-0.04085632	0.10738342	0.08741663	0.029845536	-0.094360024	-0.010550396	0.10082698	-0.10565325	0.058422998	0.10828929	-0.011591117
-0.044987794	-0.045535557	0.020082034	0.024461482	-0.0206929	0.028302988	0.0548378	0.04818847	-0.0037838675	-0.031186597	0.017855188	-0.027122043	0.007432592	0.01629399	0.029990464	0.060986355
0.4024742	0.4209589	-0.41124216	-0.42398438	-0.37407866	0.42120737	-0.4276475	-0.40607685	-0.45395285	0.3603656	0.3785742	-0.46941304	0.46198794	-0.39291814	-0.33121607	0.43135008
-0.37696794	-0.38605207	0.39058933	0.2954137	0.3256093	-0.28239626	0.3520027	0.32435307	0.3259947	-0.26662272	-0.2798803	0.3353116	-0.33521068	0.23686989	0.41447937	-0.23287193
0.6272372	0.67994195	-0.7532606	-0.6092171	-0.6869005	0.5980303	-0.62958586	-0.6523058	-0.6749088	0.5750964	0.5902141	-0.6611262	0.6329984	-0.64329785	-0.5474381	0.6504666
0.4070018	0.3729682	-0.45615348	-0.37173524	-0.45155287	0.4006052	-0.40388742	-0.4353144	-0.4204244	0.4009315	0.42795315	-0.38004574	0.42508882	-0.41149673	-0.35052446	0.37828442
-0.18915091	-0.14898437	0.11587261	0.1023305	0.14674562	-0.1137263	0.14521696	0.14239812	0.111193076	-0.113313325	-0.083400264	0.12713929	-0.13995571	0.15364896	0.063100114	-0.16141534
-0.11113376	-0.0554173	0.0760293	0.103806734	0.061751533	-0.083957	0.121068045	0.11140372	0.0731703	-0.06454047	-0.07471619	0.04870186	-0.05722986	0.11957022	0.047051094	-0.10631617
-0.39101037	-0.37741637	0.45833412	0.362496	0.36502126	-0.31589666	0.42722115	0.4038784	0.3699944	-0.37996918	-0.29699183	0.466857	-0.4376655	0.3807181	0.3332175	-0.3825257
-0.027740737	0.012099484	-0.05582903	-0.008211658	0.03673656	0.0046022166	-0.032002546	-0.025274843	0.012019432	-0.0013975553	0.024259068	0.023928385	-0.004913949	-0.047035716	-0.060555816	-0.03867506
0.08047345	0.013964656	-0.014179391	-0.08102976	-0.04744444	0.05447693	-0.01951962	-0.054165225	-0.06742949	0.04805364	0.03031515	-0.046310686	0.085898936	-0.06365942	-0.030806312	0.04585772
-0.61243427	-0.68594635	0.74035513	0.64691985	0.5989586	-0.59490377	0.6423912	0.6621022	0.6430389	-0.5576429	-0.5672393	0.65755236	-0.6883939	0.5938435	0.6252781	-0.62040395
-0.36425012	-0.33322045	0.4426691	0.3987133	0.3977947	-0.36738527	0.36243582	0.3390403	0.37296692	-0.33027062	-0.357415	0.39206496	-0.33017978	0.35109276	0.36648497	-0.35362694
-0.5667219	-0.61623526	0.6156855	0.6125382	0.5529507	-0.5547785	0.62957066	0.6136223	0.5718795	-0.5569327	-0.48402682	0.5780399	-0.6516246	0.5871161	0.5226932	-0.5840297
-0.32544562	-0.40122145	0.39121965	0.33448368	0.39604738	-0.33786717	0.391747	0.37497512	0.42044035	-0.35087407	-0.36421567	0.35334885	-0.34913373	0.32607132	0.32922634	-0.31081206
0.20218462	0.23023683	-0.23315445	-0.21876535	-0.22735488	0.27837634	-0.21021727	-0.26335365	-0.252607	0.24944527	0.25749838	-0.2094569	0.25293958	-0.26489976	-0.19330527	0.22642657
0.58550996	0.6298158	-0.6673336	-0.62195456	-0.56256884	0.52938366	-0.56006676	-0.5953954	-0.61000997	0.54443645	0.5165356	-0.65558404	0.65461165	-0.60299313	-0.45119917	0.5696402
-0.32076266	-0.2990278	0.34862658	0.3417848	0.31861398	-0.34317628	0.3429047	0.3648112	0.3040889	-0.3384921	-0.32385015	0.30832532	-0.3510496	0.3152319	0.27744016	-0.31527647
-0.5736608	-0.562002	0.6267167	0.5597736	0.5941296	-0.49968737	0.5743753	0.6106342	0.5894237	-0.52421653	-0.5062563	0.6094026	-0.6123098	0.5652232	0.5416157	-0.5456592
0.19352394	0.17108364	-0.2369905	-0.1738988	-0.22272536	0.21241307	-0.26872718	-0.16842242	-0.25807104	0.18449281	0.1830158	-0.27059767	0.20842464	-0.18489596	-0.19235711	0.16306731
-0.63824576	-0.670484	0.7665597	0.6143135	0.62089336	-0.57861817	0.64772993	0.6420412	0.677737	-0.6439729	-0.5580653	0.71339244	-0.66680205	0.57451457	0.6500127	-0.5696908
-0.62415886	-0.64534223	0.68362314	0.5920346	0.57553405	-0.5757222	0.6272678	0.6374881	0.5843278	-0.6180578	-0.58595264	0.63405925	-0.6653973	0.58765763	0.58780587	-0.600338
0.16712251	0.20399097	-0.18711112	-0.16015647	-0.20779796	0.16449562	-0.12977152	-0.16438948	-0.19607694	0.18796769	0.21599953	-0.16825399	0.14568605	-0.23000114	-0.0830443	0.20701939
-0.20844874	-0.17235771	0.2498811	0.16277914	0.22077806	-0.16124132	0.18423642	0.1795517	0.15369941	-0.15729047	-0.2207668	0.22449139	-0.19208881	0.20660803	0.18846653	-0.17686072
-0.1855023	-0.18308294	0.20772038	0.21995814	0.173903	-0.14783718	0.19706446	0.20801912	0.22027536	-0.1385873	-0.12961747	0.20718905	-0.19349125	0.12553427	0.16767637	-0.1573338
0.1017463	0.09671314	-0.085353725	-0.0028727578	-0.027412815	0.05109993	-0.08824704	-0.040121682	-0.07584525	0.05405673	0.014849661	-0.07028347	0.07458354	-0.021669993	-0.0753382	0.0437884
0.1179017	0.12550619	-0.07342334	-0.06794602	-0.06792116	0.16053464	-0.10460108	-0.050493542	-0.12238433	0.115012474	0.14630231	-0.070134714	0.086381964	-0.13052376	-0.14052866	0.12407582
0.24797396	0.27423313	-0.27420232	-0.31858614	-0.2589376	0.2714946	-0.23910806	-0.25532988	-0.289019	0.2945966	0.24201356	-0.26141804	0.33721355	-0.29445833	-0.2933395	0.32860604
0.03162178	0.0049419953	0.008916652	0.023186136	0.0007954431	-0.036123455	-0.018798623	-0.0033015187	0.044423405	0.03936024	0.01671749	0.039043292	-0.043791465	-0.044809867	-0.0040264544	0.059731755
-0.52085114	-0.57139224	0.55657804	0.51482713	0.56077695	-0.44057462	0.52805114	0.5705632	0.5372027	-0.44509715	-0.44261009	0.56695616	-0.57521373	0.44919908	0.48858213	-0.43223667
-0.005659475	0.020191194	-0.072634466	-0.000427378	0.036580615	-0.016606528	0.011059011	-0.05500886	-0.05742342	-0.0031360472	0.018356107	-0.034033865	0.027564975	-0.06150677	0.031327922	-0.009147916
0.1649299	0.15735438	-0.23243742	-0.22662719	-0.23632994	0.25761896	-0.14137621	-0.17355824	-0.1684012	0.17510974	0.1472942	-0.15820187	0.18905896	-0.23924212	-0.18900391	0.24609442
0.47382134	0.54512125	-0.505342	-0.5474754	-0.5543569	0.4992065	-0.4325947	-0.54145396	-0.48937246	0.51787955	0.5248867	-0.53545797	0.48661533	-0.5330083	-0.42462865	0.5347862
0.22242425	0.21827373	-0.24037217	-0.22786535	-0.22054856	0.2371149	-0.18225193	-0.18677875	-0.28141025	0.1849854	0.18185967	-0.2625289	0.19407116	-0.2742852	-0.2047983	0.21513444
-0.05201732	0.035006538	-0.033430155	-0.023660816	-0.011877553	0.014745871	0.0041502235	-0.06064012	0.0051063737	0.051944662	0.057542827	0.007047499	0.058144156	-0.078341246	-0.024502393	0.0030649756
-0.11432991	-0.14276536	0.2110863	0.13187946	0.13334894	-0.12292203	0.177124	0.14929445	0.15376155	-0.11946941	-0.106049396	0.2155724	-0.12657261	0.13962676	0.11772073	-0.11150662
-0.03989442	-0.053561106	0.033236884	0.03501101	0.015005923	-0.0025901713	0.023002962	-0.029033678	0.058793817	-0.017221423	-0.008423692	0.04022865	-0.053648803	0.026002616	0.112769224	-0.022615572
0.27022398	0.22077471	-0.2561988	-0.22283463	-0.19660176	0.23084761	-0.23003244	-0.18219891	-0.24955663	0.2094609	0.25326943	-0.24142104	0.22270152	-0.24446674	-0.23197782	0.20595309
-0.6033055	-0.61749434	0.6112888	0.581199	0.59990126	-0.4948199	0.54288155	0.57792115	0.5945367	-0.57163435	-0.48240507	0.58261526	-0.63879603	0.5681634	0.54050946	-0.532648
-0.29207546	-0.25389105	0.36821342	0.24137014	0.30427557	-0.2680506	0.2921935	0.26404753	0.31030768	-0.23404656	-0.24330905	0.28218484	-0.27154595	0.25265092	0.23099041	-0.27835295
-0.5206202	-0.47311303	0.49070188	0.45289585	0.39070356	-0.32718506	0.42839542	0.40516257	0.49407822	-0.42607358	-0.33215934	0.44139564	-0.5178888	0.37256515	0.47306612	-0.33776087
-0.44398305	-0.3515359	0.4140023	0.3832112	0.32707617	-0.25296834	0.3778628	0.3514934	0.40553975	-0.3554741	-0.2718685	0.41248363	-0.4229329	0.29003364	0.4178022	-0.2357236
-0.28870708	-0.23956601	0.26594108	0.22381803	0.24544917	-0.20881699	0.2158018	0.28807908	0.25138676	-0.1859595	-0.2223471	0.2508693	-0.2393198	0.252964	0.21484314	-0.20074694
-0.48903826	-0.47793898	0.57815444	0.45610738	0.4546897	-0.40137807	0.5083967	0.5279908	0.53618217	-0.5090069	-0.4645002	0.5015752	-0.556129	0.4156201	0.49305248	-0.48179626
-0.008226895	0.023912465	-0.06926788	-0.034729116	-0.0070443577	0.054631054	0.0049203476	-0.04787617	-0.067661606	0.0021175249	-0.006083499	0.0028923324	0.013820422	0.009434226	-0.07410898	0.050301485
0.42301854	0.4685955	-0.53645605	-0.4786981	-0.50079626	0.47197923	-0.44494277	-0.43268573	-0.4544328	0.4901871	0.40686545	-0.47032416	0.5124906	-0.45268688	-0.3320993	0.48704082
0.044748247	0.112840906	-0.071581736	-0.035699487	-0.05405655	0.11241463	-0.087964095	-0.055471208	-0.030930037	0.060894173	0.0879164	-0.11783086	0.08309794	-0.05586237	-0.059238963	0.10626668
0.015909623	0.07114621	-0.09038047	-0.07563678	-0.11992252	0.07517366	-0.046347976	-0.061403338	-0.03687527	0.056853555	0.04585994	-0.059215024	0.05166381	-0.096958615	-0.08207513	0.101137236
0.56429744	0.566167	-0.6470199	-0.52685714	-0.52323616	0.5068938	-0.4957895	-0.53112936	-0.5705774	0.51988286	0.48004124	-0.6054246	0.5363953	-0.55360204	-0.49250987	0.5854514
0.20343058	0.15675053	-0.20150211	-0.16160186	-0.2305657	0.21627894	-0.14019597	-0.22557157	-0.1688929	0.23287895	0.18372685	-0.23399563	0.16101003	-0.1863595	-0.13955984	0.17602849
-0.056678925	-0.09531386	0.020262092	0.043333083	0.02957992	-0.011866265	0.043133125	0.049959805	0.0564727	0.00443918	-0.03568703	0.027788	-0.043260284	0.024337124	0.06410182	-0.0576457
-0.3763656	-0.32931954	0.38801208	0.36177105	0.35678065	-0.39944452	0.40370643	0.38587633	0.41538656	-0.3750916	-0.34071395	0.43726784	-0.36798537	0.39856791	0.34524122	-0.32433197
-0.5265826	-0.6006791	0.62419266	0.54374474	0.52078	-0.5659596	0.5187375	0.6121373	0.53095156	-0.597186	-0.47524598	0.61145496	-0.54559207	0.4915431	0.51015246	-0.58732194
0.69671977	0.69205195	-0.71326196	-0.6681485	-0.6420643	0.63102806	-0.6957481	-0.6317527	-0.6491028	0.6486641	0.6387189	-0.73927027	0.6647682	-0.6273748	-0.5786081	0.6076809
-0.19927229	-0.23584628	0.24287964	0.18857025	0.27061185	-0.22834858	0.25001347	0.23960873	0.19222507	-0.15749548	-0.17422205	0.23057397	-0.22500594	0.17203261	0.19010141	-0.21469994
0.60330945	0.6411034	-0.7142356	-0.67183536	-0.6699966	0.56279814	-0.61863536	-0.64632237	-0.66648877	0.67220664	0.6329342	-0.6493933	0.71395344	-0.6183476	-0.582517	0.6674554
0.67278427	0.63436514	-0.7502721	-0.59452105	-0.61573905	0.65244555	-0.5960913	-0.66311634	-0.6628357	0.61141133	0.5785661	-0.66284007	0.64672834	-0.5884386	-0.58307093	0.6402998
0.5492657	0.5113809	-0.55040795	-0.53599596	-0.48245376	0.5338427	-0.47991377	-0.548539	-0.5096139	0.46010843	0.5207529	-0.5623266	0.5854536	-0.55795336	-0.5244077	0.57451063
-0.29732227	-0.32615682	0.32494494	0.30211326	0.30808777	-0.25277165	0.28487396	0.358094	0.28130782	-0.29558223	-0.2688833	0.32307816	-0.37604973	0.26456377	0.37460443	-0.3273554
0.12584214	0.13388637	-0.20947602	-0.21128893	-0.1372755	0.1513304	-0.18867315	-0.21508555	-0.12382115	0.12645048	0.18232065	-0.17008209	0.2025111	-0.12517303	-0.13126743	0.18214095
-0.113008015	-0.09876324	0.1337907	0.062228125	0.071866795	-0.10452493	0.05888668	0.049715627	0.086730056	-0.10895507	-0.050799232	0.08503314	-0.10823764	0.08043826	0.10939793	-0.10810295
-0.18583596	-0.16192941	0.15597555	0.086273916	0.10930675	-0.08485083	0.16277748	0.08938747	0.17228633	-0.11690744	-0.14708585	0.1682808	-0.1452671	0.14931877	0.09041899	-0.15503183
0.12869523	0.106059	-0.08775199	-0.094034575	-0.17318714	0.17622305	-0.06761709	-0.09078166	-0.07528637	0.08331504	0.079682596	-0.076273106	0.1579831	-0.16050391	-0.053214192	0.14100483
-0.6914687	-0.6195732	0.7029023	0.5905136	0.67978543	-0.62958163	0.6109954	0.616211	0.6704911	-0.64213747	-0.6265666	0.6786038	-0.6527234	0.5591733	0.63567644	-0.6216293
-0.1842258	-0.1930939	0.13005278	0.114836566	0.104832	-0.10716334	0.12974834	0.12388696	0.1791858	-0.13383126	-0.1270866	0.10500011	-0.12025299	0.13522847	0.16319416	-0.096165694
-0.035062663	-0.054042965	-0.033226527	-0.043251462	-0.046251617	0.0853366	0.05271476	-0.013077298	0.016755844	0.042031422	0.07420556	-0.031302996	0.036952812	-0.03070192	-0.004310876	0.04927635
0.20425044	0.16356137	-0.18361244	-0.11821434	-0.177945	0.11859922	-0.15704727	-0.1287392	-0.17314158	0.18547802	0.16932017	-0.18006779	0.18545197	-0.1741498	-0.05612508	0.1542957
-0.3858167	-0.34600064	0.36255348	0.38804808	0.31978238	-0.24687636	0.32613373	0.33091816	0.4049595	-0.29557002	-0.3339905	0.33398402	-0.32453394	0.30434084	0.27284464	-0.2541614
-0.57376194	-0.60209334	0.6287228	0.5810068	0.5410872	-0.55514616	0.5563632	0.5530281	0.58685625	-0.5982937	-0.54625505	0.6243034	-0.61441857	0.5076416	0.58510095	-0.5714741
0.09570951	0.13033874	-0.089777775	-0.07995572	-0.07373658	0.064638115	-0.13343976	-0.10304632	-0.055688933	0.06631812	0.10223139	-0.13155249	0.08531284	-0.083393544	-0.019268604	0.07976393
-0.35864496	-0.39166346	0.36233145	0.2687104	0.338534	-0.27915847	0.38571826	0.33552888	0.33203116	-0.38706863	-0.28839174	0.330942	-0.35278398	0.27900448	0.28120783	-0.27710745
-0.58007675	-0.64429986	0.7237584	0.5766099	0.5761153	-0.6061451	0.5840023	0.60254574	0.609388	-0.63439405	-0.60869384	0.61809546	-0.5994017	0.54899013	0.6050377	-0.64743465
-0.32834065	-0.3889512	0.3890889	0.32406324	0.32706696	-0.36612463	0.33857888	0.31399548	0.36565945	-0.31232136	-0.37016279	0.40727928	-0.40943187	0.36806914	0.3197763	-0.37070253
-0.44139013	-0.4383102	0.45923603	0.4740117	0.4877294	-0.4063308	0.43051288	0.44648552	0.49970514	-0.37570563	-0.40930513	0.465607	-0.44356605	0.39876166	0.4083582	-0.38028198
0.17729461	0.25314105	-0.21284264	-0.21876833	-0.24219468	0.17126077	-0.2262883	-0.24893661	-0.21836755	0.20021655	0.20937927	-0.19133909	0.2341454	-0.23932232	-0.17384365	0.20963326
0.13711758	0.14894979	-0.14743687	-0.19194748	-0.16485456	0.10545389	-0.22033302	-0.20050193	-0.2181869	0.17332752	0.17343065	-0.1663148	0.14513639	-0.098534435	-0.19377932	0.12475299
0.12745485	0.03955794	-0.06357319	-0.06989649	-0.1076413	0.09567461	-0.11736194	-0.13421232	-0.102691226	0.12645888	0.09635402	-0.08944596	0.15422289	-0.1394106	-0.15403688	0.11829521
0.2973522	0.28856623	-0.33986542	-0.3893588	-0.3372222	0.34862554	-0.29256877	-0.30889988	-0.3678101	0.29732576	0.30231172	-0.31126156	0.37786147	-0.35358098	-0.28319567	0.35272643
0.50541	0.5719379	-0.59046465	-0.5609776	-0.52202374	0.4905966	-0.53382206	-0.50400156	-0.5113404	0.48680574	0.5106012	-0.53519964	0.5314565	-0.48674917	-0.46733713	0.50394684
0.50869364	0.55520725	-0.5369929	-0.47911307	-0.5601443	0.5264034	-0.48968175	-0.47989193	-0.5158209	0.4986969	0.46544582	-0.5445176	0.5341704	-0.5213352	-0.49875116	0.5293306
0.39531964	0.4623756	-0.5253224	-0.40042716	-0.40342474	0.47998208	-0.38640127	-0.43789244	-0.4149963	0.45558432	0.3660296	-0.49664378	0.43226862	-0.4970262	-0.36875954	0.49174142
0.13891722	0.14287104	-0.21757382	-0.2012425	-0.20450957	0.13266134	-0.18042153	-0.1823782	-0.182509	0.13631405	0.1903411	-0.13703234	0.20090616	-0.19712803	-0.17027381	0.16741575
0.33189586	0.38418624	-0.43843466	-0.41094914	-0.34716415	0.3427197	-0.36516318	-0.33444864	-0.35826215	0.3808841	0.36210635	-0.36398676	0.39857012	-0.3340535	-0.28739914	0.3748861
0.23013334	0.22747773	-0.32015294	-0.22285944	-0.2936516	0.30585694	-0.30928972	-0.27614743	-0.27297252	0.3061587	0.2695587	-0.23035054	0.26830336	-0.29479423	-0.23491938	0.22347237
-0.34309152	-0.2761875	0.32756355	0.2470709	0.28072026	-0.22828238	0.34258765	0.32699928	0.28709915	-0.250178	-0.2917363	0.30277202	-0.26864275	0.25395715	0.20048578	-0.21401665
0.17763667	0.18813801	-0.1319769	-0.09216235	-0.13056292	0.15502444	-0.19341719	-0.14573996	-0.10898991	0.10335517	0.1254947	-0.10919318	0.15367429	-0.1036719	-0.106433526	0.18722396
0.23889951	0.21952857	-0.17995279	-0.15944952	-0.20186226	0.21563111	-0.2222318	-0.25753924	-0.23447822	0.24339437	0.15833971	-0.19634485	0.20010984	-0.25310904	-0.16104823	0.23967488
0.31859958	0.3342423	-0.4059209	-0.3974091	-0.42178613	0.42446744	-0.3798728	-0.39614332	-0.3526266	0.42001712	0.3988622	-0.41183856	0.44616508	-0.4159991	-0.3072547	0.4293122
-0.18439735	-0.20439841	0.19782607	0.1424757	0.18695664	-0.12653364	0.17887793	0.120370746	0.12760967	-0.07215993	-0.1361107	0.13571681	-0.20223878	0.1418938	0.13686894	-0.07520442
0.28470507	0.28119138	-0.3493625	-0.28391087	-0.26157266	0.28720403	-0.2813938	-0.2434524	-0.2539761	0.24621241	0.27220035	-0.29141045	0.2502514	-0.23311943	-0.23817335	0.29589102
0.07994906	0.046074975	-0.098448426	-0.05979405	-0.101973	0.084585965	-0.08396036	-0.08213715	-0.05552123	0.10352048	0.025902212	-0.069848984	0.04210778	-0.07911696	-0.07394284	0.036201302
-0.12072248	-0.07282441	0.11708377	0.086008266	0.08932722	-0.10790381	0.13233374	0.09819087	0.14737807	-0.13530347	-0.102029696	0.1620292	-0.117498174	0.17330065	0.052404586	-0.09865035
0.214707	0.27929997	-0.25028965	-0.2029061	-0.18786424	0.18167852	-0.2553964	-0.2755963	-0.27809516	0.23665255	0.24740595	-0.28256908	0.20265666	-0.21674109	-0.269181	0.23826122
0.09982384	0.07599068	-0.17478466	-0.09261537	-0.09840375	0.08290752	-0.14911272	-0.09314164	-0.069158845	0.176805	0.16201812	-0.13043278	0.11442777	-0.1326854	-0.0938327	0.08527752
0.0040945685	0.024452295	-0.008789076	0.049079947	-0.023903357	0.0014858036	0.030305665	0.047516763	0.04589675	0.025530163	-0.02001315	0.008088327	-0.028383756	-0.004724789	-0.032296024	-0.03667576
-0.015549142	0.026254874	0.038627323	0.030879743	-0.0323844	-0.033740725	-0.04205587	-0.012866775	-0.0339708	0.027322026	-0.0060157245	0.05442074	0.04481605	-0.024040258	-0.04076292	-0.00982505
-0.076480515	-0.021128675	0.043273095	0.007116421	-0.02663493	0.046166837	0.110417135	0.067592025	0.0902182	-0.06341754	-0.018947374	0.039252546	-0.0510747	0.03678943	-0.024407437	-0.03351914
0.29934052	0.22655354	-0.248418	-0.21339005	-0.31265703	0.20713994	-0.26277626	-0.2235613	-0.29286513	0.2883162	0.26529193	-0.2647166	0.2877689	-0.22614305	-0.21970797	0.26767087
-0.17018193	-0.15597773	0.14857562	0.12802467	0.09630866	-0.006950382	0.08488003	0.06978348	0.15493041	-0.07118132	-0.07222182	0.09628721	-0.05882191	0.066200204	0.047690444	-0.05260164
0.29962304	0.3076999	-0.35017604	-0.2669852	-0.31908956	0.2290651	-0.24437451	-0.3010774	-0.24574293	0.31892255	0.27463558	-0.25139087	0.29182747	-0.2674715	-0.28928685	0.2558041
0.6049467	0.5564929	-0.61735994	-0.5827891	-0.6155772	0.5076929	-0.5792575	-0.53653175	-0.56564575	0.571355	0.56671	-0.57561266	0.6111408	-0.5429858	-0.5474122	0.57828087
-0.09312924	-0.089648426	0.11982477	0.14295028	0.1464233	-0.09406151	0.11260414	0.11470467	0.1273345	-0.06468102	-0.10367903	0.0698241	-0.08632611	0.09961278	0.1929155	-0.06735743
-0.2929785	-0.30418143	0.31747952	0.3171309	0.33612826	-0.26081657	0.33222243	0.26343462	0.28523913	-0.2932266	-0.29327235	0.29070207	-0.27307394	0.29446015	0.3277528	-0.20228228
0.53996456	0.560439	-0.55225027	-0.50473106	-0.5654001	0.514499	-0.5200932	-0.54953206	-0.5625127	0.47137034	0.4826266	-0.52602905	0.5572527	-0.49350116	-0.43726355	0.49755228
0.31211475	0.29443887	-0.3309965	-0.29830143	-0.3414696	0.28073236	-0.26124468	-0.33418378	-0.30316782	0.29829085	0.27413496	-0.35275194	0.31412363	-0.2568162	-0.2653194	0.3205175
0.101282515	0.113875926	-0.15861061	-0.1121249	-0.08977157	0.1823664	-0.08671169	-0.07437941	-0.14896077	0.13127816	0.16526482	-0.10757824	0.14741014	-0.082681894	-0.07804273	0.11297166
0.096450455	0.1215911	-0.15519397	-0.12043398	-0.16845457	0.22115621	-0.15979998	-0.1603654	-0.14844336	0.16006212	0.19856425	-0.10586426	0.15511316	-0.13981384	-0.096380055	0.16282098
-0.39866003	-0.42580083	0.43388903	0.3774079	0.3591341	-0.3299604	0.3902102	0.37491414	0.39865437	-0.40830156	-0.4013571	0.39798194	-0.4175274	0.33446008	0.32286444	-0.37758914
-0.06468574	0.043531924	0.009850697	0.05067125	0.005318766	-0.0065857107	-0.031047309	-0.014945782	0.027021024	-0.019866586	0.0075236503	-0.038737856	-0.052463654	-0.051192906	0.10298097	0.059228674
0.016569672	-0.009599999	0.04141309	0.0027620215	-0.01751373	-0.0066509154	0.008820272	0.03969946	0.06024962	0.011163372	-0.027935829	0.06056608	0.0006214568	-0.015695399	0.0039580325	-0.04445062
0.070318766	0.032310754	-0.108693816	-0.06337956	-0.09770068	0.14680909	-0.083766125	-0.07444847	-0.10538965	0.10347673	0.031617165	-0.067885295	0.059570223	-0.0807693	-0.061199877	0.051391687
0.06503157	0.07478826	-0.09366245	-0.05348436	-0.054838236	0.013320702	-0.0472904	-0.025123943	-0.025367828	0.035881024	0.10791715	-0.030892067	0.0023109224	-0.057534833	0.026374878	0.030681865
0.066873774	0.018950807	-0.07393747	-0.0026600282	-0.080218956	0.04298005	-0.061144464	-0.059737556	-0.081987396	0.10186485	0.07485459	-0.06663826	0.092581965	-0.026659941	-0.08315425	0.051559113
-0.11705564	-0.15304525	0.11660438	0.16014007	0.12042731	-0.11222865	0.15042435	0.16679096	0.12858894	-0.13393168	-0.10197037	0.10182785	-0.12588067	0.17377008	0.15003099	-0.15872987
-0.10443334	-0.124782704	0.083354376	0.12154854	0.04299353	-0.061535396	0.06359765	0.04265485	0.06890817	-0.10119466	-0.037489064	0.122936726	-0.11966532	0.11442954	0.034853447	-0.08844531
0.4769378	0.51031965	-0.5845186	-0.5188688	-0.48636538	0.52940434	-0.48761556	-0.5679819	-0.48610112	0.54202926	0.43491146	-0.50503325	0.5498332	-0.47484362	-0.44999513	0.5410873
-0.072570816	-0.08974167	0.08838336	0.024097856	0.023201475	-0.0049690213	0.04510134	0.011744405	0.04715871	-0.108836435	-0.08022222	0.025882509	-0.020746993	0.08365121	0.11052343	-0.074452974
0.38546687	0.39725643	-0.4260045	-0.35227233	-0.37049642	0.27611777	-0.4075456	-0.33353445	-0.39210272	0.38744286	0.32050756	-0.36618078	0.3965521	-0.36403513	-0.28042206	0.3276948
0.53531015	0.4794814	-0.58742106	-0.5390512	-0.53259593	0.5236114	-0.5291685	-0.48950312	-0.5045947	0.48043102	0.5188763	-0.53345907	0.5276133	-0.5213809	-0.47021702	0.49534953
0.44075605	0.42972976	-0.55540335	-0.49685138	-0.5064008	0.42994857	-0.47321954	-0.5032422	-0.4369097	0.48882234	0.4835372	-0.49997717	0.47936508	-0.47568974	-0.33257914	0.4995882
-0.46385634	-0.55020005	0.54586434	0.46641648	0.4615715	-0.4517465	0.531114	0.45663428	0.5520676	-0.4917548	-0.44490945	0.54839194	-0.54998326	0.42646113	0.47288176	-0.44947308
-0.5401944	-0.52251786	0.5651955	0.52717096	0.48614472	-0.42936376	0.43483475	0.47428423	0.542938	-0.46035144	-0.39428392	0.4959092	-0.5396014	0.42257267	0.47912407	-0.418595
-0.21028182	-0.1555431	0.24770759	0.20904627	0.20960021	-0.15523584	0.22480218	0.2344129	0.24297291	-0.21817592	-0.20111561	0.21122046	-0.17603768	0.22885475	0.25811625	-0.19288176
-0.089460716	-0.09021821	0.14818884	0.114591025	0.07855402	-0.09766857	0.063411266	0.12152117	0.13604309	-0.107716	-0.1316841	0.15176211	-0.060691483	0.15954481	0.109695725	-0.11556862
-0.62772006	-0.63803506	0.62103564	0.61527324	0.59955794	-0.5072367	0.5561744	0.5629324	0.6167922	-0.5150714	-0.518578	0.62763846	-0.6388903	0.5439264	0.53564984	-0.5456038
-0.062077235	-0.08773269	0.0061675417	0.05799653	0.024269458	0.024627868	0.07769792	0.07256576	0.007892067	-0.07435018	-0.039302826	0.035346046	-0.05094638	-0.009317057	0.041809753	0.0056097256
-0.49074638	-0.51363856	0.54061073	0.4085491	0.4282669	-0.39558855	0.5135923	0.42469516	0.42988732	-0.44732475	-0.38412824	0.4805173	-0.48838004	0.41854897	0.41941288	-0.44992235
0.023752924	0.061245125	-0.027876833	0.01862571	-0.005951899	0.006594441	-0.050673686	0.004528208	-0.032601945	0.070400506	0.0062598656	-0.01984047	-0.0051308856	-0.07846191	-0.022048175	0.04350746
0.23450147	0.2652556	-0.3123484	-0.24323739	-0.24406452	0.30913013	-0.1974796	-0.27916637	-0.21085602	0.27203795	0.23897895	-0.24479185	0.2310356	-0.30494633	-0.22351862	0.30990314
0.19170238	0.31919485	-0.34063974	-0.35126904	-0.36551774	0.31517252	-0.28787354	-0.2580998	-0.2834036	0.29571006	0.30933407	-0.35371578	0.26245475	-0.37889868	-0.2836758	0.3847094
0.24391504	0.18183893	-0.21449485	-0.16931783	-0.18360071	0.2267592	-0.19031024	-0.22407246	-0.18985689	0.15969841	0.15792382	-0.22687091	0.21374646	-0.152061	-0.23415363	0.1954595
-0.29688966	-0.3812351	0.35010645	0.28559357	0.3670128	-0.2963527	0.3450363	0.29272622	0.3443199	-0.2611611	-0.31933025	0.36210078	-0.33050463	0.31620756	0.29255974	-0.310729
0.10039546	0.1115252	-0.038234778	-0.08560771	-0.03588509	0.05487544	-0.04347917	-0.037960272	-0.09114277	0.041722775	0.035531238	-0.04065033	0.07038026	-0.09835715	-0.054293577	0.060774498
0.5073545	0.5466638	-0.61804193	-0.47474918	-0.52403826	0.44583386	-0.5357112	-0.48633307	-0.49557045	0.47333828	0.45476493	-0.51360387	0.53561497	-0.52071196	-0.49050748	0.50894356
-0.2437046	-0.2362484	0.27535743	0.19384782	0.22397093	-0.1985134	0.25457406	0.21243541	0.24867795	-0.26984736	-0.22102354	0.19402203	-0.27437454	0.19685	0.217524	-0.21116823
-0.34510586	-0.35398197	0.44605586	0.42295828	0.37216246	-0.35007486	0.39213324	0.3572852	0.3582892	-0.3942021	-0.32518283	0.40662444	-0.41651633	0.36881477	0.32352337	-0.35540703
0.22252198	0.21885222	-0.1812463	-0.20146473	-0.168732	0.2251284	-0.189794	-0.16404548	-0.17782691	0.15044571	0.22494376	-0.17884542	0.18407519	-0.19062282	-0.15390694	0.15054259
0.2471236	0.24267548	-0.2164441	-0.19476661	-0.19715953	0.20917533	-0.20435333	-0.26148677	-0.17677666	0.20554179	0.25372586	-0.1885317	0.1762711	-0.25420195	-0.15811191	0.2552982
-0.13641053	-0.08608093	0.09839238	0.03689407	0.027057467	0.023573311	0.13100827	0.1011349	0.021607496	-0.06787089	-0.056040064	0.031748325	-0.09705896	-0.011681608	0.068665095	-0.04726252
-0.59213775	-0.61951244	0.59322155	0.52820086	0.53051525	-0.49737915	0.5842063	0.5640062	0.6098441	-0.5432619	-0.5030332	0.58652765	-0.6100506	0.5357149	0.4886687	-0.49601933
-0.080393665	-0.113137625	0.08977282	0.077690296	0.13027288	-0.08165598	0.14319652	0.16104542	0.1662813	-0.06011334	-0.033129953	0.09056449	-0.07456872	0.029183147	0.08302589	-0.075607546
-0.29805505	-0.30394658	0.31246817	0.29525277	0.26597884	-0.18141337	0.26062095	0.31165856	0.3284304	-0.2583145	-0.28099555	0.29565498	-0.23616506	0.23390639	0.24248984	-0.2453842
0.21398759	0.12917244	-0.1744906	-0.15908778	-0.14966793	0.16327679	-0.15141557	-0.17861536	-0.1415876	0.14559601	0.1382138	-0.22230825	0.21457005	-0.18236285	-0.09928137	0.11727539
0.1609544	0.14437717	-0.15937765	-0.13896869	-0.16574535	0.086508624	-0.165584	-0.12730758	-0.13484094	0.17258729	0.11629029	-0.109251335	0.1724096	-0.19190842	-0.12762392	0.13799928
0.3339648	0.33123696	-0.36196658	-0.3714521	-0.3912554	0.28573114	-0.3153474	-0.35316274	-0.37730148	0.359182	0.29070598	-0.36844122	0.34042645	-0.35845783	-0.35760462	0.30050415
0.5791459	0.64357674	-0.6600365	-0.60780793	-0.6239713	0.58196175	-0.6151678	-0.5988712	-0.6074292	0.5954083	0.5596151	-0.6028874	0.6049685	-0.52141184	-0.5889815	0.5529677
-0.54576564	-0.5252279	0.6110137	0.5422949	0.507483	-0.434532	0.49935892	0.52786744	0.5180151	-0.50420594	-0.4405987	0.5874423	-0.5951367	0.53801167	0.54390365	-0.54197913
-0.07656409	-0.0011274953	0.024359439	0.05772307	0.063268945	-0.09896423	0.06446882	0.02146877	0.022065215	-0.05792821	-0.017418755	0.06539066	-0.008572057	0.033497494	-0.0007257564	-0.06820354
-0.2186983	-0.17591569	0.19861999	0.1711003	0.16546336	-0.13300763	0.17565747	0.15378265	0.19875608	-0.17168607	-0.2151827	0.2382909	-0.18486884	0.12140124	0.21071379	-0.18041492
0.008785013	0.04446316	-0.055919502	-0.086112745	-0.09130487	0.027034525	-0.0043495367	-0.080660746	-0.03143815	0.06869448	0.014730892	-0.07222404	0.104309656	-0.031110287	-0.089159854	0.055486903
-0.14404918	-0.14544864	0.22205459	0.18146197	0.12492907	-0.13093542	0.19199811	0.1665704	0.16192414	-0.11943845	-0.14600596	0.15582985	-0.18354888	0.05213805	0.13330904	-0.0653883
-0.39176613	-0.38035154	0.49362832	0.40350336	0.38606426	-0.37246928	0.42303076	0.3965346	0.4428826	-0.38968945	-0.40467823	0.41099423	-0.48918927	0.3806228	0.43424577	-0.42964795
-0.51312846	-0.57898	0.61036956	0.5503854	0.5946371	-0.48024753	0.4805917	0.5549999	0.5076852	-0.49368572	-0.53875697	0.56588966	-0.53897643	0.4908487	0.49290365	-0.53849
-0.109738596	-0.098342985	0.14124699	0.10598654	0.09981112	-0.061180722	0.15262283	0.14554256	0.10432398	-0.101359956	-0.01918847	0.124416344	-0.053348854	0.0014614335	0.11848415	0.00014243808
0.5253634	0.51472276	-0.556861	-0.48344627	-0.52496743	0.5319024	-0.50173557	-0.5194015	-0.4926891	0.53879106	0.4601454	-0.54990417	0.5111999	-0.52897215	-0.4719573	0.5548325
-0.1989519	-0.21593064	0.20251457	0.20415252	0.2110782	-0.12292019	0.25230822	0.16896936	0.18230635	-0.1449959	-0.16716991	0.1504821	-0.17179357	0.14467463	0.22997794	-0.102347985
-0.017419796	0.0031699275	0.027626794	-0.016485427	0.013971049	0.034662217	-0.03595854	0.00026365294	-0.044493116	-0.029151063	-0.06338064	0.03157537	-0.0023799622	0.044154033	0.049069412	0.021763032
0.16618754	0.16781755	-0.121056125	-0.1413195	-0.17084621	0.18558879	-0.14229701	-0.15056439	-0.106217496	0.12504731	0.118464544	-0.14277336	0.14131677	-0.19676422	-0.015861213	0.15832676
-0.40199214	-0.35470995	0.38884786	0.41187334	0.34913325	-0.3718482	0.37533885	0.41100714	0.42924604	-0.40742075	-0.38092557	0.38764453	-0.39927176	0.3964197	0.3708844	-0.3675633
0.0777994	0.046249915	-0.06232446	-0.036804356	-0.040674917	0.021999966	-0.011550968	-0.065146536	-0.10111757	0.087645456	0.041898333	-0.06644583	0.0586104	-0.045458138	-0.059956897	0.060322106
0.4988778	0.41457728	-0.48273796	-0.50227255	-0.43144667	0.3982298	-0.4312742	-0.489076	-0.47809002	0.43552658	0.42347804	-0.45251474	0.50698334	-0.46429834	-0.39272335	0.4914558
0.37844032	0.3140615	-0.39827752	-0.39192247	-0.4126287	0.33875418	-0.385329	-0.31448743	-0.35038084	0.38925153	0.40029818	-0.39705473	0.41919458	-0.42730126	-0.21118344	0.34237665
-0.16825014	-0.11502904	0.14350197	0.08383703	0.052153755	0.051363178	0.114126414	0.06564562	0.07620157	0.0046893694	-0.057530213	0.09239251	-0.10650821	0.03439628	0.16962244	-0.059921324
-0.14055014	-0.07052024	0.12942882	0.14313518	0.078260705	-0.080146395	0.108667955	0.06508867	0.06281448	-0.06742734	-0.07495496	0.10240074	-0.1314821	0.048715122	0.16493331	-0.080153026
-0.17496741	-0.14893608	0.12288451	0.12991208	0.14706752	-0.12636113	0.114523865	0.15463029	0.17255983	-0.11006018	-0.07820565	0.1643347	-0.16620825	0.15292795	0.12089938	-0.09135373
0.35218614	0.40581843	-0.39814526	-0.41136673	-0.33394298	0.39932972	-0.29896507	-0.3824094	-0.41892397	0.4154516	0.38878644	-0.42793435	0.4563315	-0.38611722	-0.34582782	0.3904331
